,atom_num,x,y,z,LJ_CO2,LJ_frame,Elec_CO2,Elec_frame,Total_pot
0,1.0,70.818,44.763,48.103,0.4185664421127742,4.320679950108954,-11.643274790848858,-30.09390746858096,-36.997935867208085
0,2.0,71.518,43.919,47.725,0.2795730122479569,0.975924330241604,23.828576879015813,83.27494898040774,108.35902320191312
0,3.0,72.219,43.075,47.346,1.3486238922254945,1.8808268099537688,-10.762025833546218,-48.95195463942108,-56.484529770788036
0,4.0,48.296,40.992,1.541,1.1087832829887394,7.752022341571712,11.907821733906408,-94.36544910649783,-73.59682174803098
0,5.0,48.625,40.146,0.818,0.4415187106211181,4.177443697314059,-19.72166116940676,191.92000912196497,176.8173103604934
0,6.0,48.953,39.301,0.094,0.5228309474718094,9.986341504052579,9.41771264981359,-100.30533136672742,-80.37844626538944
0,7.0,71.976,51.352,1.565,0.5687277594651204,0.45974804316991946,-33.99934975816239,-137.59099513910155,-170.5618690946289
0,8.0,73.058,51.118,1.216,0.5005745560042073,0.3967978754565884,64.93320618723101,285.002712162517,350.8332907812088
0,9.0,74.139,50.885,0.866,1.4744725962349914,1.708061810848911,-30.821772620799507,-148.31420820069678,-175.95344641441238
0,10.0,30.688,42.333,6.658,0.5579389475275879,3.8217184740602383,26.03351057880248,-86.90909144645966,-56.49592344606935
0,11.0,31.249,41.465,6.132,0.13738890897034833,2.5891676823478593,-53.05675311733468,157.07287828860782,106.74268176259136
0,12.0,31.81,40.596,5.606,0.19578545470550576,-1.1004075739985686,26.37389784677833,-48.7008775125673,-23.231601785082034
0,13.0,30.235,17.552,11.35,3.0573635835776103,7.710319242891844,31.014165532741956,-99.89217043093507,-58.11032207172366
0,14.0,29.747,17.294,10.329,1.2684483861928633,4.652923956460557,-55.01517976162662,206.13313911532833,157.03933169635513
0,15.0,29.26,17.036,9.309,0.9089702507529872,5.665248351605406,28.85129817993218,-98.33996280941996,-62.91444602712939
0,16.0,71.584,32.161,42.858,0.8466400227567246,1.089717305009369,-7.873586711979581,-54.8507877354843,-60.78801711969779
0,17.0,72.584,32.747,42.858,0.6113995814742833,0.5654661884325454,24.6788724613536,101.49410121776457,127.349839449025
0,18.0,73.585,33.333,42.857,0.7968468831508825,1.3483446864670636,-16.940162351173157,-46.41080017075047,-61.205770952305684
0,19.0,49.422,15.988,31.824,1.0491143507420448,3.7178651687992916,7.577080460605023,-25.037346376234783,-12.693286396088425
0,20.0,48.34,16.381,31.681,0.19699285793280594,1.4462001462191552,-18.970642336956132,62.90177853573287,45.5743292029287
0,21.0,47.257,16.773,31.539,0.19918850004829758,2.2820807209883713,10.490045367759683,-35.450502404236126,-22.479187815439772
0,22.0,85.905,46.384,14.146,0.274825036493707,4.858458180606663,-48.12930143268864,-33.451663614119994,-76.44768182970827
0,23.0,85.493,47.363,14.611,0.1818503881423205,1.109884009522554,93.3558284616311,79.58995873231582,174.2375215916118
0,24.0,85.081,48.343,15.076,0.9756421610199824,1.4159478059642738,-44.844268337927616,-45.99969567927278,-88.45237405021615
0,25.0,62.454,13.725,3.71,0.2546416154124255,2.512830157096864,-25.816197249135023,35.14539505880646,12.096669582180724
0,26.0,62.265,12.953,2.865,0.10108319819866327,1.8573846854886145,51.49795269346028,3.4924992079213393,56.948919785068895
0,27.0,62.076,12.181,2.02,0.24747778177589813,1.8952390045754426,-25.30957572280383,-16.51414560336633,-39.68100453981882
0,28.0,79.885,41.656,50.289,0.5190199724272094,1.3966450159759503,-17.524730730064107,-45.08346931123984,-60.69253505290079
0,29.0,80.964,41.275,50.098,0.30321064352491817,1.0963203627074882,37.12567356134845,78.376500455103,116.90170502268386
0,30.0,82.042,40.893,49.906,0.8004957630436245,4.460593219529203,-19.513835715417393,-31.021118319534903,-45.27386505237947
0,31.0,87.978,44.48,47.05,0.9334604243350705,5.403506309873499,-36.96966943078403,30.369046060592048,-0.2636566359834127
0,32.0,88.462,44.413,45.998,0.23426165514017838,1.9044619487478882,74.81418163154652,-13.151356662447926,63.80154857298666
0,33.0,88.947,44.347,44.946,0.22689506408377114,2.47195734820419,-38.80253536807397,-4.051053497146814,-40.15473645293282
0,34.0,72.918,64.082,47.329,0.23374468113153324,2.4550337681058845,-15.409990844477887,-65.13572497504207,-77.85693737028254
0,35.0,73.785,64.618,46.775,0.10404359188120088,2.2985817030690607,31.753249151811,100.15533840166925,134.3112128484305
0,36.0,74.652,65.154,46.221,0.24096603517277435,1.5801349217569713,-16.542813261292878,-13.949050992330426,-28.670763296693558
0,37.0,71.079,66.596,41.747,0.7395103177709647,1.0402308130460072,-17.88323816433481,-85.03388899003934,-101.13738602355718
0,38.0,70.849,65.741,40.998,0.39301255375882027,0.7088134355583887,38.41614158940306,184.62343423226247,224.14140181098273
0,39.0,70.62,64.885,40.249,1.4495488286668305,5.278138032012243,-20.079348924847036,-97.22871883741246,-110.58038090158043
0,40.0,66.705,67.865,41.268,0.5867161993738211,0.6457165480457132,-27.308124926974454,-81.04937502652585,-107.12506720608077
0,41.0,67.153,68.62,40.51,0.2944405088831152,0.3151883253871715,58.12145459231716,166.3701318901033,225.10121531669074
0,42.0,67.601,69.375,39.752,0.5668930829878834,0.6302306905912167,-30.697651042020585,-85.11542967444747,-114.61595694288896
0,43.0,45.292,38.375,8.207,0.12073096634750749,1.5048802513840422,12.393702963960257,-78.19895373167179,-64.17963954997998
0,44.0,44.711,39.298,7.811,0.05597944297002139,1.4665984104707868,-26.94584644436524,161.81800624321556,136.39473765229113
0,45.0,44.129,40.22,7.415,0.12468313549271867,0.3576145753218844,14.487156553453831,-85.02956080667359,-70.06010654240515
0,46.0,91.482,60.244,44.15,0.6147746884392599,4.396196290617042,-23.53149690256286,-69.00186341930431,-87.52238934281087
0,47.0,90.532,60.077,43.505,0.3600996922649744,1.6842175204609944,51.31822106925858,140.40024405468085,193.7627823366654
0,48.0,89.583,59.91,42.86,0.897790496240733,2.2479875158720044,-27.2525094664886,-70.24175520253603,-94.34848665691189
0,49.0,60.932,15.125,15.253,0.4468403620196102,4.415640155897613,-10.427060119649607,44.21194774682972,38.64736814509734
0,50.0,61.139,16.19,15.664,0.2796323920401247,1.8888787935728961,20.759402850987396,-30.408300575742544,-7.480386539142128
0,51.0,61.347,17.254,16.075,1.0074064552471869,2.1943576818359225,-9.24490981228799,4.153493624116822,-1.8896520510880581
0,52.0,86.991,21.95,39.657,1.0186472838324268,-1.8498272383191516,-38.99043027224808,81.0276967236111,41.206086496876296
0,53.0,87.893,21.221,39.641,0.11108498028821058,2.4055718567768523,79.51869435866973,-95.71890961170668,-13.683558415971888
0,54.0,88.795,20.492,39.625,-0.27963442008271966,2.806910197017818,-36.70072346820675,33.53470161056611,-0.6387460807055447
0,55.0,20.37,12.018,12.931,0.23862590853586285,-1.0135786587795126,34.92599336921436,-39.249619868017966,-5.098579249047255
0,56.0,20.582,12.322,14.03,0.148133431332222,2.41585957630332,-68.08961746667629,144.1565511529239,78.63092669388315
0,57.0,20.793,12.627,15.129,0.3633602387881676,2.846831401845477,33.10073490347495,-82.80829917806314,-46.49737263395454
0,58.0,78.614,47.564,8.187,0.8013525016149834,9.357917407948026,-47.74272064107981,-90.11369829228882,-127.69714902380562
0,59.0,77.856,46.738,7.89,0.4462412225703177,3.4951913944013726,92.61862519953253,184.86801130882947,281.4280691253337
0,60.0,77.098,45.912,7.592,0.7804850829449616,7.1657381622484,-43.85588098464731,-93.51765152043373,-129.4273092598877
0,61.0,69.208,40.063,11.402,0.5191939538628549,11.69628730564893,-33.14158502642976,-96.24692233668449,-117.17302610360247
0,62.0,69.276,38.935,11.139,0.3073454979159353,5.363078151351686,65.53786977138738,186.8908697472418,258.0991631678968
0,63.0,69.343,37.807,10.876,0.583167768817657,7.02485817833993,-31.615428109720018,-86.96002625809253,-110.96742842065495
0,64.0,47.622,25.735,41.605,0.720718173035435,6.946272921230559,20.312233017185758,-92.33094665684231,-64.35172254539057
0,65.0,47.696,26.312,40.601,0.9339343310341632,3.485254862535688,-27.598534566226554,184.3926688095444,161.2133234368877
0,66.0,47.769,26.89,39.598,2.4594896750178847,6.206671491194189,12.618205213183458,-86.76490656734528,-65.48054018794974
0,67.0,62.076,55.244,39.287,1.6308180753779016,6.747547261627549,-20.853306478773774,-86.45141856077915,-98.92635970254747
0,68.0,61.201,55.847,39.754,0.9524652715830385,3.6493012599527024,35.25380640144112,176.62139785329452,216.47697078627138
0,69.0,60.327,56.45,40.221,2.475575278224291,7.074513064651334,-11.654639548573748,-87.81399164846174,-89.91854285415985
0,70.0,88.579,37.839,11.961,-0.0830088838389221,5.808033046495881,-71.00110279754306,35.65550978817407,-29.62056884671202
0,71.0,88.122,38.844,12.316,0.42629172622577566,3.811297221819535,130.44125855599728,-58.49564883401187,76.18319867003072
0,72.0,87.665,39.85,12.671,0.5140027708052788,7.240907402621543,-57.794367160322494,23.949473694474314,-26.08998329242136
0,73.0,95.109,63.087,24.964,0.20552209895111542,2.4290550397557658,-28.91226187068099,-11.736508253548912,-38.014192985523025
0,74.0,96.176,62.822,24.593,0.09800431186186519,0.9837410019798336,57.68339776417113,86.73836205628962,145.50350513430246
0,75.0,97.242,62.556,24.222,0.1734633012315643,1.0249046235741641,-28.386693462199773,-59.741838761188525,-86.93016429858257
0,76.0,74.566,43.463,13.942,0.7531765577489495,4.578032419078303,-42.60228037023223,-8.157301420225405,-45.42837281363039
0,77.0,75.192,44.201,14.582,0.5141218249312047,1.6533749976007686,92.10500509488742,74.13499115623003,168.40749307364942
0,78.0,75.817,44.939,15.222,0.899990611897021,1.9330707326102834,-48.40088689226833,-46.57838774839385,-92.14621329615488
0,79.0,41.512,25.634,1.435,0.5449231211825937,4.46415270959024,16.760657464516065,-81.40244308742282,-59.63270979213392
0,80.0,40.917,26.418,2.048,0.29389679782818745,2.454806024582709,-34.90098498854963,154.81313240970442,122.66085024356569
0,81.0,40.322,27.203,2.661,1.1512952311096933,4.785947141802076,17.72729120257204,-69.69309568192112,-46.02856210643731
0,82.0,34.498,31.445,40.542,0.83160616518124,8.75271980742802,29.983637462761443,-110.05114615802347,-70.48318272265277
0,83.0,34.799,31.804,39.481,0.556974400870202,4.018648455704525,-57.55448540700393,216.67922285956874,163.70036030913954
0,84.0,35.101,32.163,38.42,1.9965146426598632,8.124519248594599,28.573979203322647,-102.97988322191799,-64.28487012734088
0,85.0,56.393,14.497,7.403,1.3943920935664114,2.3130433910116173,-12.495953711614092,-46.73931148996787,-55.52782971700393
0,86.0,56.67,14.748,8.501,0.26710071199502783,0.7642817558249181,25.179996473794215,82.70426423615628,108.91564317777043
0,87.0,56.947,15.0,9.599,0.37662215947620503,1.476124418300198,-8.824134117327059,-35.60054187387863,-42.57192941342929
0,88.0,56.795,55.19,26.376,0.07330469629381241,0.957233662486175,-19.76475181760787,-77.0135813134584,-95.74779477228628
0,89.0,56.739,54.361,27.185,0.03654217353300946,0.6542862748827686,36.431616027072735,153.7866575588531,190.90910203434163
0,90.0,56.684,53.531,27.994,0.10884591887337419,2.729045903661525,-16.58003746301023,-76.32522512201602,-90.06737076249135
0,91.0,27.711,14.867,10.666,0.33788872270168085,6.202915859455213,34.36797924084568,-91.56350219422407,-50.6547183712215
0,92.0,26.777,14.522,10.071,1.0191171509569614,3.2996204387139665,-64.90479086452984,185.2675655818486,124.68151230698969
0,93.0,25.844,14.177,9.475,1.5096214213491892,8.672809681866955,33.41712322694427,-95.57532962560417,-51.97577529544375
0,94.0,48.177,38.405,17.499,0.0370929819858612,0.053760175435137426,2.2300003782420594,-65.3547975506778,-63.03394401501475
0,95.0,49.089,38.616,16.813,0.016593940647673305,0.03653237910276925,-1.732324311488599,129.36957695009255,127.6903789583544
0,96.0,50.001,38.826,16.127,0.03821142583320564,0.11276503886090146,-0.45851157645360835,-64.07127898724815,-64.37881409900766
0,97.0,60.824,19.011,1.034,0.5627782265577597,9.256403719158072,-8.833398748285298,-76.98684919761396,-76.00106600018343
0,98.0,60.867,20.104,0.646,0.9630770018591173,3.6949980515031653,23.38136921945754,157.44845741476743,185.48790168758725
0,99.0,60.911,21.196,0.258,1.4515109262190014,7.561606727622361,-14.643658840731606,-81.22517894049912,-86.85572012738936
0,100.0,27.763,22.196,4.531,0.8722066536644486,4.688121754273243,33.93985541922829,-94.55768546382396,-55.05750163665798
0,101.0,28.017,22.868,5.442,0.6744896098579104,2.4007363532768626,-69.18061994531166,212.57455648661764,146.46916250444076
0,102.0,28.271,23.539,6.353,0.8955642838531442,4.328130165974184,33.38887683460926,-110.79923465703166,-72.18666337259506
0,103.0,78.296,29.991,42.748,0.18544328929777332,0.08252822565102495,-18.562842142339107,42.70908050775586,24.414209880365547
0,104.0,78.159,31.057,42.309,0.11017159270250919,1.6676043442036903,41.22458395360687,-5.708431880899915,37.293928009613154
0,105.0,78.022,32.122,41.87,0.3227331732308882,1.591257645637645,-22.80823304889838,-10.47646721727057,-31.370709447300417
0,106.0,27.794,9.926,18.007,0.1564918993339045,0.028527762494444366,27.903619380232872,-28.930618031922197,-0.8419789898609764
0,107.0,26.813,9.322,18.137,0.05901816705759683,2.1834896028981587,-56.88400908956265,127.2136366112868,72.5721352916799
0,108.0,25.831,8.718,18.267,0.11007527777551408,2.252176173697907,29.294943976561957,-76.2009882614364,-44.543792833401014
0,109.0,58.422,47.36,19.87,2.0908040908470156,6.448817003962121,-14.362751535462854,-74.90943251990514,-80.73256296055885
0,110.0,59.532,47.695,19.921,0.7970723771457349,3.0977437160712618,41.9282419326116,151.29967547336818,197.12273349919678
0,111.0,60.641,48.029,19.973,1.0151054362612784,7.945625492160959,-25.112188556962003,-74.08365782773602,-90.23511545627579
0,112.0,67.815,36.315,50.807,3.0584679337145313,8.86354258507774,11.684460756419025,-96.33042541841223,-72.72395414320093
0,113.0,67.063,35.433,50.752,0.9962259584977573,4.175179182892142,-19.60273172471579,198.91366902515327,184.48234244182737
0,114.0,66.312,34.551,50.698,1.2218887114797452,7.694851462880546,8.370323403081358,-98.92073309132476,-81.63366951388312
0,115.0,94.276,49.363,35.601,0.16100149328073995,1.7116404136140697,-41.95290466958053,-15.751783796169143,-55.83204655885486
0,116.0,95.301,49.881,35.766,0.08445332428298684,1.8648026340672907,80.9739247354466,8.132118702960298,91.05529939675718
0,117.0,96.326,50.398,35.932,0.24211285431648635,-11.900736824177628,-38.720400003140504,42.212696993568834,-8.16632697943281
0,118.0,36.865,7.398,17.354,0.4222224482028105,4.479204517179028,24.878504751351542,-72.16860315317557,-42.38867143644219
0,119.0,36.045,6.6,17.545,0.3959905076111443,3.820945240399654,-52.560586481278676,156.78904690612993,108.44539617286205
0,120.0,35.225,5.802,17.735,1.2196075727749591,7.137976103560636,28.689344593526165,-82.41915891165287,-45.37223064179111
0,121.0,62.479,42.336,4.065,0.09009119285562235,1.698255481961349,-18.576244614767013,-83.97701487006051,-100.76491281001056
0,122.0,62.802,41.252,4.322,0.041041224877085,1.8676058851714832,38.14476487325415,140.32672158961248,180.38013357291518
0,123.0,63.124,40.167,4.578,0.0907333527534516,-4.4658210395690885,-19.565642060184484,-35.36658043735506,-59.30731018435518
0,124.0,78.065,44.561,12.885,1.7378753286571451,4.9659404177741875,-49.2550444736573,-59.69631631216116,-102.24754503938712
0,125.0,78.494,44.68,11.814,0.5584698834844498,3.1563605733301063,100.74888385492129,137.16630727402273,241.63002158575858
0,126.0,78.924,44.8,10.743,1.615935904825651,7.435977580102057,-49.1816324555265,-75.29146137075476,-115.42118034135355
0,127.0,35.989,22.572,32.973,1.2431288207284759,4.408814562838411,23.697847657406154,-80.67324491463694,-51.323453873663894
0,128.0,37.102,22.385,33.241,0.5642794319822122,0.9236545446946072,-40.420079435805356,158.80239627387505,119.87025081474651
0,129.0,38.215,22.198,33.508,0.7798202595718358,1.0678791183892746,17.1192022024518,-78.34011543094996,-59.373213850537056
0,130.0,85.635,28.18,18.253,1.012742204131325,5.06145455310966,-46.115474475855876,52.968465742815425,12.927188024200532
0,131.0,86.584,28.636,17.766,0.5684428719941572,2.1213038852148625,97.71630222164315,-125.16518429438723,-24.75913531553506
0,132.0,87.533,29.093,17.28,0.5845863840926843,3.750019986619207,-50.96580228388311,76.2716938084621,29.640497895290885
0,133.0,77.668,23.882,38.643,0.5608675513804116,7.857899050763479,-15.747942544014434,-22.97789644615071,-30.307072388021254
0,134.0,77.038,22.908,38.644,0.2795981106316743,4.295493296706599,29.031852932588396,47.37739004683407,80.98433438676074
0,135.0,76.407,21.934,38.645,0.5163201023913433,10.111781537637887,-13.937379814275044,-24.184239007959004,-27.49351718220482
0,136.0,58.817,32.012,0.116,2.7008634781173986,9.45101447924912,-1.7767573927205105,-104.67523154715128,-94.30011098250527
0,137.0,59.972,32.043,0.214,1.0338194036186523,4.541902286901991,13.320953681870058,214.7943882644406,233.6910636368313
0,138.0,61.128,32.074,0.311,1.317181412552752,8.94179292232166,-11.081606441948669,-108.05450981435162,-108.87714192142587
0,139.0,75.745,58.195,38.782,1.833835143353238,0.685794385649675,-26.971927647590707,-74.36288034747274,-98.81517846606053
0,140.0,75.92,59.336,38.67,1.222700258174617,0.6991508396700323,54.0564374121629,149.891116654111,205.86940516411855
0,141.0,76.095,60.478,38.558,0.7519836908942694,2.8194493928356232,-27.505989073404955,-72.26790165950057,-96.20245764917563
0,142.0,61.122,36.283,13.823,1.6061601824084495,1.9952232611347112,-21.72651091714858,-48.94039126104679,-67.06551873465222
0,143.0,60.983,35.982,14.935,0.829741765315248,1.7267674344413098,41.11964217759191,85.48346440180431,129.15961577915277
0,144.0,60.843,35.681,16.046,1.3495290408115244,2.6845609977189673,-17.470890833933012,-38.08487014658088,-51.5216709419834
0,145.0,68.419,13.874,32.949,0.24383078533344352,2.5154172330320024,-4.776744290407473,-71.47625876556394,-73.49375503760596
0,146.0,67.82,14.663,33.552,0.06445772740161831,1.9961037487779394,8.971318519063592,153.04335632753143,164.07523632277457
0,147.0,67.221,15.452,34.155,0.11911487215443492,6.178195786539515,-3.935483767411868,-75.14036200113141,-72.77853510984933
0,148.0,20.377,24.109,11.713,0.1395966808100608,2.976065152832442,22.126660463119435,-94.35243397578846,-69.11011167902652
0,149.0,21.366,23.525,11.873,0.05894673252647173,2.3888109938800888,-43.172759527730186,163.66992288338668,122.94492108206305
0,150.0,22.355,22.94,12.033,0.14491927319735864,-4.187902376756209,21.11333005101042,-43.3720690692662,-26.301722121814635
0,151.0,38.01,36.637,41.74,0.5328309975565079,5.932517189578291,32.94523383246487,-104.6486969647099,-65.23811494511023
0,152.0,37.76,35.864,40.913,0.7096161405078317,4.219838787804874,-71.45732903543187,216.06096068489668,149.5330865777775
0,153.0,37.511,35.091,40.085,1.1958451822942553,8.086189140875106,41.37620174178823,-110.28985799695988,-59.63162193200229
0,154.0,41.912,52.77,20.726,0.16045241622206044,2.5361037191424467,8.153191315252313,-49.38717304999731,-38.537425599380484
0,155.0,42.078,52.442,19.626,0.10219477017102693,2.106791983275234,-15.489420724830282,70.98306628019184,57.702632308807814
0,156.0,42.245,52.114,18.526,0.25872005209087673,2.6682513137950195,7.630317659918096,0.21528442029678765,10.77257344610078
0,157.0,86.797,25.844,21.484,0.6103890317727193,4.55814611378701,-50.47207454204651,76.59117914598774,31.28763974950096
0,158.0,86.695,26.992,21.347,0.5853987351263273,2.6050745383287506,102.17864895428791,-143.26365431512565,-37.89453208738266
0,159.0,86.593,28.139,21.21,1.0907967465141013,5.11097938173321,-50.52082122699203,69.04611156445188,24.72706646570716
0,160.0,63.396,60.759,20.703,0.2846229034395373,4.668484269160055,-62.987480450515,-96.11979071838914,-154.15416399630453
0,161.0,64.537,60.565,20.788,0.29168504924700817,3.0607201895451728,145.76089397183023,203.8249942562265,352.9382934668489
0,162.0,65.677,60.372,20.874,0.6484409387483395,3.8168595094870796,-81.4798485190399,-105.27974463264015,-182.29429270344463
0,163.0,48.642,29.149,36.995,0.8749571480430468,2.891194937151143,4.83620797963756,-61.1290428350952,-52.52668277026345
0,164.0,49.711,29.371,37.387,0.34183615347244417,2.2058135282428086,-10.544674595453914,97.01805824830245,89.0210333345638
0,165.0,50.78,29.593,37.778,0.4304514910480395,-2.9680488397809803,6.0614705923812116,-7.202026836691623,-3.678153593043352
0,166.0,31.074,23.054,24.389,0.8053675970402344,3.6120853624055225,19.125691017340362,-68.39480153112598,-44.85165755433986
0,167.0,30.64,24.12,24.536,0.4470691430378863,2.5108179324372633,-42.2478421387869,113.8207657578012,74.53081069448945
0,168.0,30.207,25.186,24.682,0.5728090255798292,5.168471372275546,23.5777096214272,-29.23485209471257,0.08413792457000469
0,169.0,96.805,48.873,16.474,0.09384407714124808,5.172907707442081,-37.412592371896295,-16.633763454542585,-48.77960404185555
0,170.0,96.896,49.347,17.529,0.016879199086170006,3.552707469040253,73.51284386698029,70.75591310329087,147.8383436383976
0,171.0,96.987,49.821,18.584,0.017723397674600027,7.8158640423703805,-36.258002862184384,-52.089144622233746,-80.51356004437315
0,172.0,95.625,43.532,50.701,1.1102378685464125,1.799031386648424,-38.2319958312346,-31.188373447658574,-66.51110002369833
0,173.0,96.14,42.606,51.173,0.32211623626098745,2.0231035543639413,76.6217151491648,64.56631309765245,143.53324803744218
0,174.0,96.655,41.681,51.646,0.46005758523614626,3.669449460956223,-37.64035228187942,-34.57810572598663,-68.08895096167369
0,175.0,46.359,15.74,40.542,2.2412327784392065,9.062942755972564,12.105505463176648,-100.42960744915436,-77.01992645156594
0,176.0,46.727,16.029,39.48,1.6173084723464715,4.930817597546532,-19.211256311042362,184.69326590260633,172.03013566145697
0,177.0,47.096,16.317,38.419,2.94900121818892,8.987452131339495,7.931592998957515,-80.72005845240508,-60.85201210391915
0,178.0,72.901,47.701,-0.607,1.8866164156765173,2.9326225235159984,-32.90172370717865,-154.9993076101645,-183.08179237815062
0,179.0,73.781,47.407,0.088,0.8202770879415201,2.5199618015102487,74.67662514518021,275.6529144299729,353.66977846460486
0,180.0,74.662,47.112,0.784,1.5245401925347926,-4.650634865859617,-38.652908088460066,-97.69266837972151,-139.4716711415064
0,181.0,78.678,57.532,36.541,1.3172845546503706,0.2509824565120998,-30.734392462318095,-62.4152117461539,-91.58133719730952
0,182.0,78.945,58.646,36.724,0.8485753951443626,0.22767673813134837,58.11047637496834,125.64163532912858,184.82836383737262
0,183.0,79.212,59.76,36.907,1.7592544568642972,1.0563984217909757,-29.208806046954763,-61.93940791968187,-88.33256108798136
0,184.0,66.583,30.585,40.218,0.22888312148121454,4.523615837350276,-5.443542762748599,-67.1919905906116,-67.8830343945287
0,185.0,66.495,29.558,40.751,0.0714060009997155,2.4210704666974996,9.0989491062776,139.34314713049568,150.9345727044705
0,186.0,66.407,28.532,41.284,0.10545491975637321,3.2415096707676385,-3.422640049826632,-71.04576216136716,-71.12143762066978
0,187.0,84.941,34.14,3.552,0.5680940040200723,0.1684902901074805,-45.962316055317885,-62.32307506842647,-107.54880682961681
0,188.0,84.042,34.327,4.261,0.4809730809061443,0.10691894092998364,92.30197894139721,117.94257583531439,210.83244679854772
0,189.0,83.143,34.514,4.97,1.11661092999404,0.3080545190509151,-44.208281855324564,-55.51560815900181,-98.2992245652814
0,190.0,73.125,35.537,20.055,0.045949447702915217,2.2986764132175908,-31.066271550881652,-18.848007510239388,-47.569653200200534
0,191.0,72.077,35.298,19.619,0.03009312522899274,2.114052708899745,59.23818138200486,7.69676285465258,69.07909007078618
0,192.0,71.029,35.059,19.182,0.09636887165299593,-5.8925429292341835,-28.306972761039475,42.96026146276925,8.857114644148588
0,193.0,56.772,58.382,39.886,1.7329347305236462,8.831302313854252,-10.977899135519875,-98.10665971105608,-98.52032180219805
0,194.0,56.947,58.41,41.032,0.8252545233255125,4.617909387677267,26.340568337965028,192.8070752395221,224.59080748848993
0,195.0,57.121,58.438,42.179,1.254040295066031,1.0728182147177168,-13.854981255266235,-93.62677425287836,-105.15489699836085
0,196.0,65.174,55.445,35.671,1.3485148180643056,2.0368708242927536,-34.02553290259699,-55.84860424171733,-86.48875150195727
0,197.0,64.994,56.582,35.525,0.5143487533006224,1.839250155728279,66.89601233218333,86.94359567960663,156.19320692081885
0,198.0,64.814,57.718,35.378,0.9672455540386607,0.7647894567507758,-33.73956476565035,-9.000424063517304,-41.00795381837821
0,199.0,22.619,29.847,9.13,0.25459463638057495,0.9927468529881983,30.28796074007524,-130.06668769391533,-98.53138546447131
0,200.0,23.261,30.812,9.073,0.16498499087830154,0.7034381539423846,-59.130864511851804,267.8194261826786,209.55698481564752
0,201.0,23.902,31.777,9.016,0.5940541089954119,2.4261538369627575,29.12942190411967,-132.2822446717199,-100.13261482164205
0,202.0,61.072,51.337,36.374,0.5340564935460721,3.0063457370720865,-18.942398463021146,-21.044472146208527,-36.44646837861151
0,203.0,61.999,51.989,36.128,0.34398766164653505,2.097393067895516,44.802241522266804,99.44365301743525,146.6872752692441
0,204.0,62.927,52.64,35.882,1.3400606210802248,2.6771117138815894,-26.629909439863134,-58.61783765017562,-81.23057475507694
0,205.0,68.846,61.139,38.78,0.5824940308866825,4.6822883040282175,-30.03555567651099,-78.62509360136772,-103.3958669429638
0,206.0,69.868,61.493,38.36,0.4208509862690951,1.7006565557021007,64.02191843363319,154.3497291884397,220.49315516404408
0,207.0,70.889,61.847,37.94,1.3796123838526502,-0.8998069936967189,-32.58547329815996,-74.53634374040317,-106.64201164840719
0,208.0,30.213,30.706,13.266,0.16830285599909175,5.471303776436418,22.62993732865272,-92.62580293642249,-64.35625897533426
0,209.0,30.145,31.05,14.372,0.08471485056778087,3.1674539516633007,-44.56365063904158,152.66462617672184,111.35314433991134
0,210.0,30.076,31.395,15.478,0.20523947674051765,4.2278642358235805,22.0075807944205,-45.83505022698838,-19.39436572000378
0,211.0,92.558,60.569,19.372,0.08574165309518635,4.884252667977791,-33.65817868259372,-82.41330110938657,-111.1014854709073
0,212.0,93.358,61.305,19.777,0.06608036884238505,1.9502165146366046,64.10862878505172,152.5203693013826,218.64529496991332
0,213.0,94.158,62.04,20.182,0.3200433639402144,2.9391148897714143,-30.196482197170358,-69.68507930569194,-96.62240324915066
0,214.0,57.396,49.151,43.52,0.9786716851222887,2.6507357527228255,0.4581130984545531,-100.2476260482926,-96.16010551199294
0,215.0,58.141,48.636,42.795,0.2257089733171918,2.1581678031952882,3.5432255599181737,205.43252381702385,211.3596261534545
0,216.0,58.887,48.121,42.071,0.2659328597689054,4.306167669978962,-4.063930043556283,-101.50039463334173,-100.99222414715014
0,217.0,103.064,53.543,33.065,0.10786099993278715,3.4973499356209996,-29.627577660505494,-24.503618860517374,-50.52598558546909
0,218.0,103.758,53.26,32.179,0.0408474652221945,2.077998421658722,59.206862610138,116.2100755005082,177.53578399752712
0,219.0,104.452,52.977,31.294,0.06941400048813795,2.4785747102170888,-29.62205656508766,-71.95720006623783,-99.03126792062027
0,220.0,38.21,12.581,24.454,0.2994359344423369,-0.6534037109536459,11.790367923352024,16.080373365483766,27.51677351232448
0,221.0,38.631,13.65,24.615,0.4167556496729092,1.603579907299351,-22.91044721473487,35.293767265501735,14.403655607739125
0,222.0,39.052,14.719,24.777,0.8775158386095718,1.575350258856035,13.607533882649294,-31.929483326582297,-15.869083346467395
0,223.0,43.728,4.125,10.834,1.7184402240280083,8.005988253814465,12.66221850278319,-69.04543300490992,-46.65878602428426
0,224.0,43.948,4.345,11.952,0.7891245882328647,4.8070585661090925,-30.599150606730852,138.5263673885409,113.523399936152
0,225.0,44.167,4.565,13.069,1.4162345854232858,9.59780608009903,14.735704123746387,-65.938599574104,-40.1888547848353
0,226.0,68.492,53.952,51.189,0.8727430571194439,10.370153667072215,2.1096377615759923,-94.52580624484756,-81.17327175907991
0,227.0,67.839,54.909,51.252,0.9325016387573883,5.056071327849545,7.2841543611164035,199.82953459924863,213.10226192697198
0,228.0,67.186,55.865,51.316,1.5301096780544936,6.985154660514078,-7.673138644525643,-100.55662133188183,-99.7144956378389
0,229.0,36.66,21.679,-0.711,1.8118941315690662,7.717299678564814,21.9433980206407,-110.46816119163587,-78.9955693608613
0,230.0,36.391,21.37,0.374,1.3369179913803548,3.6494048776657464,-49.19781870536408,215.19071767184312,170.97922183552515
0,231.0,36.122,21.06,1.459,1.9502816879078029,7.73461159673477,29.333657975098493,-102.23336707189401,-63.21481581215294
0,232.0,57.299,15.33,24.73,0.6103994133857565,2.585699968604255,-2.904487641439945,-10.271252571666698,-9.979640831116633
0,233.0,56.888,14.246,24.767,0.1867619201979067,1.9393326840638352,3.3178768551382527,-11.02682923760313,-5.582857778203135
0,234.0,56.476,13.162,24.805,0.2713735150264086,4.680070089349611,-0.7640927235380502,37.37725143083877,41.56460231167674
0,235.0,89.527,56.4,43.028,1.2777636071303833,4.900186173361986,-23.93371614929938,-72.40841447492429,-90.16418084373129
0,236.0,89.269,55.287,43.229,0.22249756060170478,2.528400452573545,52.15817837945206,145.6514446948067,200.56052108743404
0,237.0,89.011,54.174,43.429,0.2683518418715093,3.826057065005721,-27.771404787069642,-68.4559898888505,-92.1329857690429
0,238.0,67.543,51.808,48.865,1.9438868853726985,8.730469336976594,-11.11116646796308,-76.59109088109206,-77.02790112670584
0,239.0,66.745,52.331,49.524,1.0961048982964707,3.8027270377018416,9.429388235635132,176.86643175284962,191.19465192448305
0,240.0,65.947,52.854,50.184,1.605377956142681,6.924279979553128,4.560128731809364,-96.74452325223216,-83.65473658472698
0,241.0,37.423,24.74,35.188,1.5047068523056968,2.1950738360606805,26.963802894964658,-85.0574054143097,-54.393821830978666
0,242.0,36.533,24.794,35.931,0.7550187315487125,1.7307369648794204,-51.85826145383025,181.53260170468252,132.1600959472804
0,243.0,35.644,24.848,36.673,0.8704587931093348,5.3671096638610765,25.507490029375177,-96.41374292459476,-64.66868443824917
0,244.0,91.411,52.73,48.639,2.2837750377589545,9.427939653874052,-20.094741513264076,-63.25377349929949,-71.63680032093056
0,245.0,91.287,53.487,49.51,1.259570792749038,4.517596173365706,31.19732140657752,136.85509366412856,173.82958203682082
0,246.0,91.164,54.243,50.38,2.211271716116658,8.408407676775733,-11.733943826699731,-69.58476514409583,-70.69902957790316
0,247.0,51.484,35.989,28.911,0.06017754065114418,0.37990914405384896,1.39383502188449,-61.87458471156922,-60.040663004979734
0,248.0,51.612,34.861,28.67,0.015022381878543779,0.10364902943663251,-3.029996507374465,123.39776344117858,120.4864383451193
0,249.0,51.741,33.734,28.43,0.02000833544162137,0.14275236559718976,1.660205655884518,-61.47096815137138,-59.64800179444805
0,250.0,47.669,33.417,48.707,0.29985232159361785,2.837429132986654,20.19177745372324,-95.16360470645556,-71.83454579815205
0,251.0,47.542,32.593,49.514,0.09213203179343611,2.195264442899935,-41.660058332499524,175.44944810248407,136.07678624467792
0,252.0,47.415,31.769,50.32,0.1308414444628059,4.860875028374477,21.473193305996663,-65.80188005677046,-39.336970277936516
0,253.0,35.717,28.389,44.867,0.500875745344767,3.1140685915590236,25.228501770112043,-126.32467731177888,-97.48123120476305
0,254.0,35.747,27.752,43.898,0.44831747591868015,1.4548956389991143,-48.534895874393115,262.63670934560264,216.00502658612731
0,255.0,35.778,27.115,42.929,0.6328832964140132,2.9307027861435264,23.644251544838887,-128.78710143581463,-101.5792638084182
0,256.0,84.66,55.249,17.763,1.4500995582658083,4.354466097446293,-47.01219771683749,-74.87641853619765,-116.08405059732303
0,257.0,84.979,54.497,16.939,0.7639475377661626,3.1662843844975974,88.22555559319274,169.93092362975398,262.0867111452105
0,258.0,85.297,53.746,16.115,1.8944772148205793,4.842818849274636,-40.569513022525804,-86.29373311140716,-120.12595006983776
0,259.0,92.121,25.048,47.072,0.27791276338126797,0.09781504672138461,-38.22318125001078,14.985261096390262,-22.86219234351787
0,260.0,92.63,25.427,48.043,0.10654696164241713,0.039834371272603385,76.53498678519846,-26.521121870526223,50.16024624758726
0,261.0,93.139,25.805,49.014,0.24234845806264696,0.09090351078371293,-38.38570211153508,11.92350439815056,-26.128945744538157
0,262.0,29.395,37.07,13.814,1.2888384859476083,7.784157958560215,26.145817992765046,-96.42361786096266,-61.204803423689796
0,263.0,28.285,37.043,14.148,0.8306012077783332,4.602732475224263,-55.596266876563455,203.1521489367465,152.98921574318564
0,264.0,27.174,37.017,14.483,0.9511944587782526,6.903890553058087,30.61856371865078,-103.22324097783122,-64.74959224734411
0,265.0,44.418,28.113,43.68,0.7726231431295908,9.071081368560256,22.25777980798877,-88.29288401641438,-56.19139969673576
0,266.0,45.383,28.161,43.039,0.9425366220636593,4.23253741032707,-43.95178726967587,178.6468989364668,139.87018569918166
0,267.0,46.348,28.21,42.397,0.19044033064542706,7.506922985579224,23.17615445485204,-89.90111984287772,-59.02760207180103
0,268.0,71.603,20.645,6.043,0.09003731685509402,1.4319385754369551,-32.397100802493284,1.187652863999905,-29.687472046201332
0,269.0,71.078,20.015,5.223,0.04580560554460058,0.8906406336976403,67.27978333246409,5.4835457160625,73.69977528776883
0,270.0,70.553,19.386,4.403,0.09885516681073624,2.614355491801421,-34.796702333520884,-8.922865694062201,-41.00635736897093
0,271.0,110.618,64.911,45.606,-0.4436230675511842,8.456114673268067,-3.7394132586652966,-271.12751390934164,-266.85443556229006
0,272.0,109.478,64.935,45.396,1.007691158733039,4.111702221104821,12.362651781847017,528.06530981206,545.5473549737449
0,273.0,108.337,64.959,45.186,1.3610746816491344,9.045507291440112,-9.779599217034047,-250.3148769701553,-249.68789421410008
0,274.0,41.805,34.868,3.973,0.20743756072240327,4.0909043619066345,20.39130417972404,-24.1733478939635,0.516298208389582
0,275.0,41.429,34.324,4.926,0.08952322588701654,1.7501169714348377,-39.40782822310575,117.13588908875327,79.56770106296938
0,276.0,41.053,33.78,5.879,0.19509979649865572,1.943438737228888,18.902367869491478,-71.95997802334013,-50.9190716201211
0,277.0,61.459,45.299,10.303,0.20156505612403808,3.3457312790885223,-21.350802178228218,-79.78383458675783,-97.58734042977349
0,278.0,60.302,45.285,10.392,0.11079440200507992,1.6270283073792502,37.08346064244976,155.75314840851132,194.57443176034542
0,279.0,59.146,45.272,10.481,0.2783167031599222,3.4365659014391845,-15.744442427073103,-75.33823142157468,-87.36779124404868
0,280.0,101.135,47.302,34.127,1.572997236533546,6.976216336311539,-37.81228808944,-34.74024560134715,-64.00332011794207
0,281.0,102.268,47.152,33.927,0.5478535195377192,3.8242007672434144,79.80672042120678,76.9852611190562,161.16403582704413
0,282.0,103.4,47.003,33.728,0.3613514895706553,3.7574592121457515,-42.35189462613591,-39.228396141313965,-77.46148006573347
0,283.0,86.028,28.588,38.526,0.6119852583292252,5.075002947519933,-51.787855260223175,25.107396245668813,-20.9934708087052
0,284.0,85.758,27.979,39.475,0.14948600725911254,3.0994676870790574,99.47860726231987,-36.228172619042226,66.49938833761581
0,285.0,85.488,27.369,40.425,0.28747279977235835,6.1067126829458145,-47.04868404035716,11.376980006025533,-29.277518551613454
0,286.0,51.862,56.424,44.699,0.23150915199132302,3.119177083134194,-2.090210387505936,-51.74471517149583,-50.484239323876245
0,287.0,52.05,55.293,44.88,0.1464091766425336,2.124748888774086,4.031138567536267,157.09032058085396,163.39261721380683
0,288.0,52.238,54.163,45.061,0.5891929860445074,2.36098107044821,-1.7148328652986535,-87.29681353669733,-86.06147234550326
0,289.0,69.211,16.323,9.472,1.167036435408847,8.747501117691037,-29.176687266449772,44.28332191699408,25.021172203644195
0,290.0,69.323,15.377,10.133,0.8273922294849239,4.546537242160903,54.94932620948478,-100.38489139222412,-40.061635711093516
0,291.0,69.434,14.43,10.794,1.647965807055705,9.731189888236193,-27.4997680375959,54.39446697691233,38.27385463460833
0,292.0,33.209,20.018,0.238,2.713690605066442,7.764992730134582,32.459471545903426,-125.1179062244861,-82.17975134338165
0,293.0,33.511,19.622,1.285,1.1639319159054775,4.296913220000694,-58.9816219763013,248.468792489642,194.94801564924688
0,294.0,33.814,19.226,2.333,1.6188503291655405,10.789520695544459,25.688273823881428,-121.7641116726417,-83.66746682405028
0,295.0,75.365,60.49,35.749,0.6467617650743654,1.464941366777394,-28.916531926230295,-49.00784069403071,-75.81266948840926
0,296.0,74.765,61.435,35.444,0.8000078218426908,1.398760917151611,71.12935840349527,69.88782745774752,143.2159546002371
0,297.0,74.165,62.38,35.14,1.013629745914243,3.370467731461523,-38.902637718592196,1.6128429334805088,-32.90569730773592
0,298.0,63.258,19.327,13.645,1.0222054651109425,4.52958009822272,-15.52861775787212,4.3242729805637925,-5.652559213974664
0,299.0,63.889,20.038,14.311,0.30200185564805676,2.6829213926183355,32.6711467831875,-22.887942612145714,12.768127419308179
0,300.0,64.519,20.748,14.976,0.3859892411573783,3.294137605031915,-16.20779397856907,33.63071733495603,21.103050202576252
0,301.0,47.142,6.178,10.404,0.99317857226136,10.512343501044167,3.748088704220235,-67.3070811003488,-52.05347032282303
0,302.0,47.426,6.154,11.528,0.4989656081068456,4.144418300592762,-7.167032919484952,121.14095155361306,118.61730254282772
0,303.0,47.711,6.13,12.653,0.8777403679458894,7.2987637431667105,1.4733829930212867,-54.010944106672966,-44.36105700253908
0,304.0,68.782,20.804,30.302,0.5227609292020294,5.772268873539875,-11.237422233798608,-41.07198775017505,-46.01438018123175
0,305.0,68.24,21.8,30.545,0.5839152111456596,4.187731706703229,20.599966868721257,93.81457211421592,119.18618590078606
0,306.0,67.699,22.797,30.789,2.2155689555352334,8.388185234034177,-8.082134141388462,-50.29994497216712,-47.77832492398617
0,307.0,78.508,27.994,14.736,0.09756845243440929,3.495879410495722,-35.43055175866634,44.95410627190527,13.117002376169058
0,308.0,78.618,28.6,13.753,0.028915281848262617,1.6061606710210616,70.86139575186318,-21.65521399193928,50.84125771279324
0,309.0,78.727,29.205,12.769,0.043662441577167886,1.5691110186456956,-35.5138767841951,-3.951584622113302,-37.85268794608554
0,310.0,83.337,56.631,20.333,0.9195068256391353,3.1176415828819746,-53.80793065811909,-39.58254905870095,-89.35333130829892
0,311.0,83.001,55.856,21.128,0.4725431208094875,0.5826867579060396,101.49576819983743,104.29955380576664,206.8505518843196
0,312.0,82.664,55.08,21.923,0.8939407412338314,0.5604645230739961,-47.51771028661064,-56.07562919926824,-102.13893422157105
0,313.0,54.566,43.531,30.794,2.2658157738893814,8.8581280291695,-2.325956609639711,-76.48721200544486,-67.68922481202569
0,314.0,55.179,43.449,31.775,0.9306521154753321,4.4801864465419685,5.358609340323887,162.71634382143918,173.48579172378038
0,315.0,55.792,43.367,32.756,1.2244133893144133,9.843910598214617,-4.052505861982137,-85.22491248938599,-78.20909436383909
0,316.0,48.438,47.797,12.538,0.686579489227844,7.980080463109739,-5.754595216328826,-48.93293172846405,-46.02086699245529
0,317.0,48.256,48.275,11.497,0.7194335953341535,3.7639554831274316,4.973051127573856,93.37865601933022,102.83509622536566
0,318.0,48.074,48.754,10.456,2.8243402090034,7.255037884856559,2.0566400419225763,-41.425376304640025,-29.28935816885749
0,319.0,89.924,22.968,40.725,-0.24018791610727463,1.58152326642658,-33.31190483740879,46.71520604432994,14.744636557240455
0,320.0,90.837,22.945,41.439,0.586752692122133,0.32638674277214674,78.39564797000803,-85.31496234468497,-6.006174939782667
0,321.0,91.751,22.923,42.154,0.5036013228775226,0.34188854493244114,-41.64250643982809,39.572887043206435,-1.2241295288116874
0,322.0,57.192,54.948,40.876,2.715423040710271,8.592606528336981,-12.333757422968645,-88.46131192364788,-89.48703977756928
0,323.0,57.712,54.739,39.861,1.2174098465002354,4.2087025394096145,27.620304468874615,175.10038343016095,208.1468002849454
0,324.0,58.233,54.529,38.846,2.081847392023657,8.085313596535743,-13.348986168192736,-85.71707804589059,-88.89890322552392
0,325.0,110.52,61.896,46.134,0.9812905685705553,8.226996411164407,-7.917754080446272,-238.50336229400233,-237.21282939471365
0,326.0,110.312,62.529,47.084,0.07927001363668942,5.1322294074139885,13.52473786934576,452.55481812168455,471.291055412081
0,327.0,110.104,63.162,48.034,0.9587442927147669,11.451718512593851,-6.871663584254296,-215.1497833460714,-209.61098412501707
0,328.0,45.063,12.521,-0.344,0.5917009123546053,8.079179807953762,16.822037804408488,-105.78715689849349,-80.29423837377664
0,329.0,44.435,11.677,0.145,0.133820507304797,4.2991491242920485,-32.10574015789012,209.98121860481191,182.30844807851864
0,330.0,43.808,10.833,0.635,0.1718430313262332,7.693271984923978,15.658327925958478,-101.35379541304859,-77.8303524708399
0,331.0,92.962,30.746,47.278,0.4845581460479497,2.492649261292635,-50.47066133895286,35.83984884338347,-11.653605088228801
0,332.0,93.645,31.509,46.733,0.12400906713419665,2.2295763095659793,114.812111424148,-111.78445052870111,5.381246272147067
0,333.0,94.329,32.272,46.189,0.1835628264880453,-9.377108196580657,-64.86860363935482,101.21075637316828,27.148607363720856
0,334.0,83.54,38.077,7.742,0.4147362263357353,1.0917952730230183,-42.266682606490406,18.027147294123907,-22.73300381300775
0,335.0,84.248,37.533,7.001,0.4240226940399673,2.315502641548842,80.88385419230026,36.08699932546944,119.71037885335852
0,336.0,84.956,36.989,6.26,1.4948818072765313,2.4045669859486782,-36.462393579436124,-34.20813542657026,-66.77108021278117
0,337.0,53.957,15.654,29.642,0.4162595856448514,3.479865006074009,3.666549716094359,-12.594424178775531,-5.031749870962312
0,338.0,53.356,15.569,30.631,0.2744720282057332,2.4200461152822434,-6.584466548997973,9.265783244016887,5.375834838506891
0,339.0,52.756,15.484,31.62,0.926303221486408,4.481744738510707,2.0992814328218246,21.32615557832067,28.833484971139608
0,340.0,84.752,65.544,44.42,0.133166943426458,2.1818092080686124,-20.323605094444197,-60.47944557641503,-78.48807451936416
0,341.0,83.817,65.255,45.043,0.0640044180660991,1.9465750782296918,39.98169890114777,102.64158698439226,144.63386538183582
0,342.0,82.882,64.966,45.665,0.144780341815406,2.6990355646194426,-19.484676570965362,-25.824795223378672,-42.465655887909186
0,343.0,77.923,51.694,16.1,0.387553536048517,3.438319372295139,-58.25798554182966,-61.2076539201499,-115.63976655363591
0,344.0,78.113,51.152,15.092,0.2176422220020664,2.3815945225538413,113.27713643921247,98.41477149316255,214.2911446769309
0,345.0,78.303,50.609,14.085,0.5244671198954008,-5.200976669905525,-54.3570458901375,-8.407925191856506,-67.44148063200413
0,346.0,36.597,47.891,18.631,1.3281407639562568,6.7086108408767995,23.29114088299906,-83.46370777207389,-52.13581528424177
0,347.0,37.223,48.864,18.712,0.8315436425947511,4.129332758436539,-41.64268617410949,171.87368206136225,135.19187228828406
0,348.0,37.849,49.837,18.793,1.2454981163698147,6.272379675576585,18.98103623853071,-86.48732159379685,-59.98840756331974
0,349.0,50.918,19.78,43.974,0.18154850797808142,1.8350891467079429,14.560955350438611,-32.37972263612562,-15.802129631000984
0,350.0,51.76,20.357,44.525,0.06755016847096605,2.248700884653258,-27.75130831999063,125.97410660167365,100.53904933480725
0,351.0,52.602,20.934,45.076,0.12950910241376765,2.765409046792658,13.36387035900465,-74.58019679333053,-58.32140828511945
0,352.0,73.234,27.718,17.467,0.9745685500424964,6.115964019678056,-29.68669398792046,-33.700516224945105,-56.29667764314502
0,353.0,72.177,28.189,17.551,0.3635857363416545,4.191724391336329,61.4895192039414,76.09930863878466,142.14413797040405
0,354.0,71.121,28.659,17.635,0.8625219254832126,8.823956261284978,-29.820182567243805,-41.162364823196164,-61.29606920367178
0,355.0,39.728,45.904,30.16,0.3378585288066894,8.085371534864601,12.242069867499216,-90.01063960655537,-69.34533967538486
0,356.0,40.12,46.976,30.37,1.1715631237405733,4.31884110306403,-26.04903286307619,183.0174635306614,162.4588348943898
0,357.0,40.511,48.047,30.58,1.8687204319096156,8.760078030790218,13.442073891220097,-89.26561572432871,-65.19474337040879
0,358.0,65.252,26.981,32.752,0.8721594523685672,8.328053598310346,-9.854818025741945,-53.98013809330822,-54.63474306837125
0,359.0,65.201,26.253,31.851,0.49722484503221964,4.615923117576087,21.462943168967673,101.17293225941641,127.74902339099239
0,360.0,65.15,25.526,30.949,1.2108908114236676,8.76610087489864,-12.136389565333099,-45.77816350177215,-47.93756138078294
0,361.0,25.03,21.133,3.803,0.3207239313597094,1.6073416390383624,28.939276337328263,-101.51549636160632,-70.64815445387998
0,362.0,24.533,21.539,4.769,0.6452057637369901,0.7238873660607217,-66.0894326537937,205.23760680559522,140.51726728159923
0,363.0,24.036,21.946,5.735,0.9478961700059774,1.5824695249687424,35.14489436798985,-102.96170484293091,-65.28644477996635
0,364.0,65.593,60.323,48.216,0.1454332827348099,2.4476009953025675,-13.384299470942077,-78.33527665913755,-89.12654185204225
0,365.0,64.835,59.596,47.722,0.06924850287268615,1.9796330665546638,26.187895834481033,135.27588898314065,163.51266638704902
0,366.0,64.077,58.87,47.228,0.15219920580948262,1.6639543481248806,-12.647653981875266,-41.817851821647885,-52.64935224958879
0,367.0,52.923,49.164,42.113,0.4020514650482857,1.6114023036064025,0.12919099318654545,-128.4108616309502,-126.26821686910895
0,368.0,53.331,50.24,42.263,0.30013458958084804,1.2764153111079628,3.148955488360868,245.38696300071663,250.11246838976632
0,369.0,53.738,51.316,42.413,1.0198704718045397,3.6498642695559944,-3.084653301796883,-108.95579584834094,-107.37071440877729
0,370.0,52.184,35.029,3.737,0.18187503030361182,-5.015519049054481,1.844192281230303,-1.132626097799057,-4.122077835319622
0,371.0,51.617,34.333,4.471,0.047693232553496286,1.7721727234249403,-4.717375650841348,94.78743037710568,91.88992068224277
0,372.0,51.05,33.637,5.205,0.06775202125427747,1.605759446098835,2.9218632805432017,-63.148855350399174,-58.55348060250286
0,373.0,28.992,39.666,11.076,2.0503410232686226,8.233498301307925,28.903748025431565,-109.51181072924841,-70.3242233792403
0,374.0,28.822,40.799,10.894,0.6083449514453728,4.254030758787045,-56.22797209281654,211.9627263770029,160.59712999441876
0,375.0,28.653,41.932,10.712,1.0923145973035404,7.876546933915005,26.10435354639218,-100.15948134471854,-65.08626626710782
0,376.0,107.269,55.533,43.516,0.054831554251592134,4.787898785778239,-19.252819739007457,-106.95536662942742,-121.36545602840505
0,377.0,106.375,56.106,43.982,0.03828463961570102,2.841734765819061,37.954640383508625,172.32805160444528,213.16271139338866
0,378.0,105.481,56.68,44.447,0.13061066075690453,-11.373039525602106,-18.667375910258418,-43.296505481661235,-73.20631025676485
0,379.0,47.296,38.579,50.66,0.1261556241077865,0.09546350317984095,18.704518548796898,-114.62616359430817,-95.70002591822364
0,380.0,46.267,38.05,50.586,0.0811299837334464,0.06033168553368424,-39.399249761551395,227.87620033145112,188.61841223916684
0,381.0,45.237,37.52,50.512,0.2067777148678577,0.18040545491809803,20.750590339399206,-113.44091571902406,-92.3031422098389
0,382.0,99.655,63.419,31.209,0.038934266567878933,1.4340783703109494,-23.946886178190933,-111.51764497117631,-133.99151851248843
0,383.0,100.197,62.962,32.126,0.014249394358952387,0.6943755793127356,48.175404500704225,242.69224399359976,291.5762734679757
0,384.0,100.74,62.505,33.044,0.03551850720696707,1.744544734679155,-24.18748531034325,-121.42073405257379,-143.82815612103093
0,385.0,53.411,56.659,14.703,0.05972999930579957,2.558693654451308,-12.007303487996717,-43.97783273846287,-53.36671257270248
0,386.0,53.008,57.319,13.839,0.021729458595529258,1.1198865669856612,21.75787186397459,63.0838678801599,85.98335576971567
0,387.0,52.605,57.98,12.975,0.03964929890424979,2.1336380904818424,-9.674348738965216,-17.856404075009756,-25.35746542458888
0,388.0,7.841,8.762,3.953,0.0877682290052429,3.264289785639038,60.68206986145142,-79.17841569615497,-15.144287820059276
0,389.0,7.572,9.243,4.974,0.04915285009740422,2.358569622296968,-120.42246570316568,142.9366058469087,24.921862616137375
0,390.0,7.303,9.723,5.995,0.14720402550945116,5.0582194880746245,59.90933772348429,-50.68103022818111,14.433731008887257
0,391.0,47.887,48.901,19.622,1.3217114435761084,5.150287848763002,1.4409765028820076,-64.87610378435838,-56.96312798913726
0,392.0,47.739,47.757,19.5,0.9398597305919032,2.2395647079878302,-10.267458287966589,123.26219839181562,116.17416454242876
0,393.0,47.592,46.613,19.378,1.8308682022100466,3.398790144067566,8.05262694895373,-58.295274906465444,-45.012989611234104
0,394.0,76.64,68.377,37.025,1.3847554528570947,2.745133003277486,-36.58413090094444,-92.9507216021576,-125.40496404696745
0,395.0,77.128,67.325,37.045,0.35058436404622734,2.248237986658538,79.18680155355567,187.21560322187486,269.0012271261353
0,396.0,77.617,66.273,37.065,-0.418525112050606,3.587033429827497,-38.499156202772795,-87.19587729104883,-122.52652517604474
0,397.0,92.016,57.711,35.546,0.20897371474348392,3.498950589214583,-29.355608199655155,0.19883228326242397,-25.448851612434666
0,398.0,91.231,56.936,35.906,0.09072404392167441,1.485982710720083,60.47616002219873,60.686657756508005,122.73952453334849
0,399.0,90.445,56.162,36.265,0.17863050801205113,1.4628324710221479,-30.909275949887274,-42.12652531779345,-71.39433828864652
0,400.0,60.164,41.315,25.082,0.046136305393549015,5.108927339451353,-14.094119028468105,-58.53545933372567,-67.47451471734887
0,401.0,59.945,41.023,26.183,0.022794113742394224,2.394720015906552,26.282552338675064,119.02650279442229,147.7265692627463
0,402.0,59.726,40.731,27.284,0.06953616886035822,3.915845057413922,-12.043783957541443,-60.97531872052288,-69.03372145179004
0,403.0,39.022,25.895,40.031,0.7521040863484114,6.782559126725749,22.936850483236583,-113.36549282660503,-82.8939791302943
0,404.0,38.479,25.564,41.002,0.5237920621831952,2.9041808307213373,-43.28617742367268,243.60114846586882,203.74294393510067
0,405.0,37.937,25.233,41.972,0.4609979407789941,3.557167427818819,20.456167837879722,-126.50378712693173,-102.02945392045419
0,406.0,79.663,21.214,31.233,1.0751847688456173,3.025641422311594,-26.399109474741753,3.9322401557183975,-18.366043127866146
0,407.0,78.922,22.05,30.921,0.17527894508472514,1.3455329822661246,55.1522580836322,-0.06435441784614522,56.6087155931369
0,408.0,78.181,22.887,30.609,0.16401268930994958,2.3725682463750783,-27.903526305436106,-3.4051755664939822,-28.77212093624506
0,409.0,35.414,10.282,31.616,0.6250447471842021,6.946038687161385,26.497127109817136,-79.27838281682504,-45.21017227266232
0,410.0,36.007,11.004,30.928,0.44767705829008403,3.7960160788791892,-54.396661320522995,151.8807288453481,101.72776066199438
0,411.0,36.6,11.726,30.241,0.5190828195446292,7.394913342483484,27.83522990469362,-70.2688625789422,-34.51963651222047
0,412.0,89.149,24.074,33.893,0.3233083899329917,6.8910921396140115,-61.09114696777829,68.68469757789077,14.80795113965948
0,413.0,88.657,24.548,32.956,0.29229103802611467,3.197002982030204,140.55037325017247,-152.2116960702556,-8.172028800026823
0,414.0,88.165,25.021,32.018,-0.48481188890747545,5.867449185860651,-84.18046291717711,85.02495985263835,6.227134232414414
0,415.0,87.444,45.379,8.299,0.20585487869761998,3.7705223111433877,-43.78216377723791,-2.780773171651895,-42.5865597590488
0,416.0,88.552,45.639,8.076,0.12017426591855547,1.6237256164473088,85.44539411402859,43.597066362672734,130.7863603590672
0,417.0,89.66,45.9,7.854,0.3892043635759947,1.7055172136765524,-41.12211482255842,-28.23878907229063,-67.2661823175965
0,418.0,56.654,50.108,19.275,1.4813229871088407,6.3018488754645805,-17.828407580945726,-84.12994628927571,-94.175182007648
0,419.0,56.312,49.298,18.518,0.8042828937930934,5.26490607985111,36.489656471375774,175.45764476161781,218.0164902066378
0,420.0,55.971,48.488,17.762,1.5002553336310789,8.123931351366686,-16.82509413013718,-87.10549701077029,-94.30640445590971
0,421.0,48.461,43.629,25.242,1.0652514559893602,2.2667345323681536,4.1077561974626065,-73.47008177192538,-66.03033958610526
0,422.0,48.387,44.744,24.931,0.3991966643624329,1.1151703210767143,-6.593192965259059,147.23645207428316,142.15762609446324
0,423.0,48.313,45.859,24.621,1.151028834350823,2.158710627477944,1.8175866247161736,-72.8199130375695,-67.69258695102457
0,424.0,83.653,20.356,33.184,0.4453750065673856,-10.384020799683707,-34.51415140475181,88.05032716414958,43.59752996628145
0,425.0,83.36,20.013,32.116,0.32180102294491963,2.218809526114895,70.93413515508485,-83.30098157341443,-9.826235869269766
0,426.0,83.066,19.669,31.048,0.9228378061258633,2.1973445020545914,-35.30239455307607,25.93882544031064,-6.243386804584976
0,427.0,28.333,21.547,23.674,1.3158170632875228,6.3077509364034405,28.71291409673608,-97.48303047495705,-61.14654837853001
0,428.0,27.351,20.931,23.621,0.30755411354521606,3.3537522497616514,-56.16385062238039,218.17625054553548,165.67370628646196
0,429.0,26.369,20.316,23.569,0.4562655111997859,4.789263824447578,27.59068096630212,-118.28835783427297,-85.4521475323235
0,430.0,54.869,47.01,29.84,2.1774919395317434,10.005079304583441,-6.679987437249181,-85.16541358862966,-79.66282978176366
0,431.0,53.945,47.657,30.11,0.8206900934897742,4.401676419251795,10.026817049449276,172.00052868396585,187.2497122461567
0,432.0,53.02,48.303,30.38,1.3405003297759004,6.8598337385696695,-3.0321370258734173,-83.35212233944127,-78.18392529696911
0,433.0,46.653,50.756,33.066,0.19542534758840402,5.314990115471231,2.2319046523862087,-81.43741684876672,-73.69509673332087
0,434.0,46.061,51.395,33.833,0.10483752690934514,2.043222771058346,-7.540762245081588,177.8569960506467,172.4642941035328
0,435.0,45.47,52.033,34.6,0.27748706281959157,3.4736445671135985,5.494284740446227,-93.21114046955798,-83.96572409917856
0,436.0,89.701,37.3,50.395,1.6621466662600248,7.53722187846947,-23.974868656343233,-26.36518042347533,-41.14068053508907
0,437.0,90.15,36.243,50.554,0.44034159704852616,4.155807354177333,55.86395792870288,51.37208171683827,111.832188596767
0,438.0,90.599,35.185,50.713,0.7304510731997187,8.236461216094689,-32.401373234876296,-20.32038726330634,-43.754848208888234
0,439.0,80.484,67.565,38.363,-7.604909237768048,5.007794359306369,-29.612670608126052,-90.85249410985362,-123.06227959644136
0,440.0,80.956,67.98,39.339,0.36569179295134224,2.5265889234349905,50.915356331618916,178.1797708971474,231.98740794515265
0,441.0,81.428,68.395,40.314,1.6656594085193563,4.638407594074685,-23.67186412220943,-84.34140520403638,-101.70920232365177
0,442.0,60.466,27.612,5.639,0.36558914380127644,6.2499619340273345,-11.147874632640068,-83.10172085721454,-87.634044412026
0,443.0,61.429,27.366,5.04,0.26391280581308335,3.740886073445664,24.937454051259934,162.69258126669348,191.63483419721217
0,444.0,62.391,27.119,4.441,0.7754869075309887,7.165978538104739,-13.967198292336423,-81.43000647307136,-87.45573931977205
0,445.0,38.96,4.693,12.327,0.4379616054766146,3.0780883488303785,21.67512641050649,-52.45577499550127,-27.26459863068779
0,446.0,39.544,4.139,11.492,0.331567610677739,2.9165548584999894,-42.7814093951915,129.31878864320586,89.78550171719209
0,447.0,40.128,3.585,10.657,1.1561677476950547,3.8566496512904616,20.135772358697388,-67.91242446523286,-42.763834707549954
0,448.0,61.245,15.646,23.494,0.5898738006516323,2.6457539906243692,-5.702041509646186,-25.515314047388426,-27.98172776575861
0,449.0,61.633,14.92,22.677,0.17751099335119291,1.7767700912573219,10.782340390481863,49.37233283234869,62.10895430743906
0,450.0,62.021,14.194,21.86,0.3367398479816527,4.897928193405411,-5.594928597585367,-24.78069129320097,-25.140951849399272
0,451.0,58.701,50.768,12.227,0.28153910426437784,2.4248606380707516,-12.091580869520017,-63.688747107184895,-73.07392823436979
0,452.0,57.593,50.477,12.048,0.4671886993935248,2.0292131647997964,13.869204343280762,97.20325363182616,113.56885983930025
0,453.0,56.484,50.185,11.87,0.49153879083851704,5.130795168672848,-3.8866868100341274,-18.871129890099578,-17.13548274062234
0,454.0,84.755,44.934,47.882,1.120043748924689,2.7501628614979072,-27.50850905607245,-20.601603399934618,-44.239905845584474
0,455.0,83.649,44.879,48.226,0.32449013601600896,0.8039915869248369,46.46849323862753,59.95549608196625,107.55247104353464
0,456.0,82.542,44.823,48.57,0.866045924384189,1.0117196903440746,-19.249282652022966,-36.75403128356148,-54.12554832085618
0,457.0,35.076,14.338,6.565,1.1663006681185193,6.836067712792345,20.84442234836232,-99.38624575227792,-70.53945502300473
0,458.0,35.569,14.829,7.494,0.38338717752171503,3.033787163888315,-43.071090865385685,196.06208538803435,156.4081688640587
0,459.0,36.061,15.32,8.422,0.5710336644196267,4.31024041376643,20.797912726037687,-94.72915038693787,-69.04996358271413
0,460.0,91.516,47.584,11.517,0.46799654529682533,2.459254317974431,-41.37292337791059,-1.486910739754826,-39.93258325439416
0,461.0,92.652,47.494,11.732,0.10830273643218181,1.235558045044313,82.71719531814252,-24.978471876116373,59.082584223502636
0,462.0,93.788,47.405,11.947,0.1703276419243586,2.593845716366684,-41.0436209581608,26.533264830222826,-11.746182769646929
0,463.0,57.307,34.828,1.152,2.2044016430501308,5.098664584395541,-8.322776874057746,-104.21282054821616,-105.23253119482823
0,464.0,57.139,34.713,0.01,1.3406534165587987,4.444611070683542,12.12536397012673,215.29306624978452,233.2036947071536
0,465.0,56.971,34.599,-1.132,2.3903647606109377,7.899035455147829,-2.244777373345322,-106.96785992368788,-98.92323708127444
0,466.0,87.413,30.497,46.912,0.28710679578306747,3.2213526666661223,-31.27836084008483,-5.112370442657465,-32.882271820293106
0,467.0,87.33,30.474,48.068,0.13467830959574012,2.0403504444365086,55.89686223581077,21.456996123812655,79.52888711365567
0,468.0,87.247,30.45,49.225,0.3017535079296067,4.616582621651365,-24.716631263126494,-14.21693677293784,-34.015231906483365
0,469.0,62.155,32.887,14.657,1.8023210011408402,3.196848506276369,-11.063042367792187,-38.654472889379875,-44.71834574975485
0,470.0,63.124,32.549,15.198,0.4919928144256195,2.2816502052393193,29.729993351038008,44.34510070549695,76.8487370761999
0,471.0,64.093,32.21,15.738,0.48728460303996113,3.8669482394695653,-17.57415164078352,13.542901709797425,0.3229829115234324
0,472.0,58.522,13.361,30.89,0.2625372284544683,6.776804022701032,2.97312227315486,-40.55027989487183,-30.537816370561465
0,473.0,59.42,13.655,31.562,0.06335002980519097,4.494122116214227,-4.6370682635600495,99.36560363292936,99.28600751538873
0,474.0,60.319,13.948,32.234,0.09580902594347178,10.464812464256115,1.78102660865013,-56.9194587446466,-44.57781064579688
0,475.0,85.548,35.197,18.707,0.13998550256035422,-5.232853122042371,-56.45995437842902,133.92843726839345,72.37561527048243
0,476.0,84.65,35.746,18.218,0.04801850433176997,2.0254250420688398,109.23153056705851,-156.38098029856258,-45.07600618510345
0,477.0,83.753,36.295,17.73,0.08593989052522395,4.256219048724073,-52.447324481004145,48.11545935074074,0.010293808985892383
0,478.0,59.728,31.708,39.056,0.6120874817333478,8.748333551552218,1.5381732692011763,-85.08408096401998,-74.18548666153323
0,479.0,60.249,32.51,38.4,0.49874756426052613,4.256990239789194,-1.6467032008729903,163.7472881808628,166.85632278403952
0,480.0,60.77,33.313,37.745,1.3316013528822102,7.836133443802282,-0.4078862188267362,-76.94802727248688,-68.18817869462913
0,481.0,33.072,15.296,14.649,0.9787561214198502,4.265515801905183,21.304497321782385,-35.54309881560307,-8.994329570495648
0,482.0,32.457,16.279,14.651,0.8791946538120831,2.0078436390621373,-44.73371971678312,118.13481677039974,76.28813534649083
0,483.0,31.841,17.262,14.653,2.407411205035925,-3.849155498610283,25.333418129366702,-68.00914422077658,-44.11747038498423
0,484.0,66.405,13.175,11.159,1.2153396030292936,7.827337353159838,-28.064858683455807,28.802606193907106,9.78042446664043
0,485.0,66.263,13.768,10.172,0.8334540358530977,4.050425742848523,52.51539193512312,-55.63806850399836,1.7612032098263768
0,486.0,66.121,14.36,9.185,1.6523991766445176,8.588808314966384,-26.30877343638654,26.168816642211542,10.101250697435901
0,487.0,33.31,18.037,11.909,2.4027329610787675,3.6343198088635527,34.35577157173113,-98.00703121249471,-57.614206870821256
0,488.0,32.744,19.039,12.059,1.1152556343672726,1.636664205687051,-61.20408706449683,201.27373790716197,142.82157068271948
0,489.0,32.179,20.04,12.209,2.2708092115361227,3.5033891145570726,31.527305773498536,-95.15717663510979,-57.85567253551806
0,490.0,63.462,27.831,22.556,0.044183159610200515,3.1816814253040255,-13.34862488298992,-13.143617470906792,-23.266377768982487
0,491.0,63.954,27.192,23.39,0.022343796096184795,2.1290229543253014,26.557138921461195,-4.851146521557283,23.8573591503254
0,492.0,64.447,26.553,24.224,0.06931863160719463,-7.138956988469262,-13.262654621594558,46.976151058460374,26.64385808000375
0,493.0,27.587,16.375,29.84,0.11007314563153477,4.919712949938561,30.38761069909193,-59.63649951090449,-24.219102716242467
0,494.0,27.468,15.694,28.909,0.05160648375588168,1.7128999778652758,-59.74011154887444,163.09465869440047,105.11905360714718
0,495.0,27.348,15.012,27.978,0.1295562632844457,2.1105144498233823,29.24550443974191,-92.05707140738787,-60.571496254538125
0,496.0,73.278,55.083,21.847,0.10471174389277467,1.2072556904679441,-57.08633508748472,-99.30766077472683,-155.08202842785084
0,497.0,73.524,56.195,22.069,0.03081369454218714,0.6232240143822916,116.83621671623,216.2198110404173,333.7100654655718
0,498.0,73.77,57.306,22.29,0.04773377716440056,0.44597755750596113,-59.05116712200679,-110.15071614578318,-168.70817193311962
0,499.0,64.354,37.643,14.153,1.4591128437881007,4.93484248134319,-17.440948360166022,-58.64078179348659,-69.68777482852133
0,500.0,65.492,37.772,13.971,0.36923108379260144,4.3175385860668,39.687729792577784,133.0883728314381,177.4628722938753
0,501.0,66.631,37.902,13.788,1.2106149635223753,7.4462842714794055,-20.800624369436033,-69.7002144426584,-81.84393957709266
0,502.0,65.043,28.724,7.505,0.7993472064654097,1.4010251044810498,-17.25848019576389,-68.0945177413737,-83.15262562619114
0,503.0,64.979,29.767,7.003,0.25499117620697526,1.2186217349892428,36.49441202935881,144.32062271981746,182.2886476603725
0,504.0,64.914,30.811,6.501,0.3575815720438684,4.853053425008704,-19.155242758097952,-74.90663684465171,-88.85124460569709
0,505.0,38.701,41.806,23.973,0.05927925574307043,3.4020455086115122,13.678532667805374,-30.44938844262904,-13.309531010469083
0,506.0,38.002,41.273,23.216,0.01680630176163667,2.048599342262109,-28.60960917738028,106.88516823725747,80.34096470390094
0,507.0,37.304,40.739,22.46,0.025413483300817014,3.7071447611589927,14.901020218130585,-64.74787115960082,-46.11429269701043
0,508.0,59.457,51.697,47.658,0.27856310496748543,1.6932637792254026,-4.374503845591058,-34.53743492477914,-36.94011188617731
0,509.0,58.78,50.811,47.978,0.14135693279129835,1.8239160255307916,6.428046698338826,144.49367538258727,152.88699503924818
0,510.0,58.102,49.926,48.298,0.3042403263259629,1.6796177314715852,-1.9194701224329815,-86.87661271970796,-86.8122247843434
0,511.0,27.396,34.467,4.809,0.369551572960008,4.877114732703616,28.54078674653352,-73.17070931963771,-39.383256267440565
0,512.0,26.612,33.624,4.948,0.26601548979397294,1.4942380829245454,-56.61590519637829,192.90875163965578,138.053100015996
0,513.0,25.828,32.78,5.086,0.9588341607815178,1.525198908875155,28.846811709040733,-108.12605605343227,-76.79521127473487
0,514.0,30.978,27.064,4.381,0.42789916233803904,6.083754419844855,31.07331587030964,-129.9846841990908,-92.39971474659826
0,515.0,30.452,27.83,5.074,0.17156446670218659,1.832412985333751,-60.69631968192244,248.28590966866474,189.59356743877825
0,516.0,29.926,28.597,5.767,0.3497930910544206,2.878764307688316,29.694470402780198,-119.90672756554025,-86.98369976401732
0,517.0,49.197,27.681,43.521,1.803067055352959,8.76779492629133,15.36557725900715,-87.62746744326222,-61.69102820261078
0,518.0,49.414,26.718,44.13,0.9569203780057781,4.292737126223078,-30.075487160493388,176.9809740931749,152.15514443691035
0,519.0,49.63,25.755,44.739,1.1721885985932645,8.90090368085754,15.592298361287337,-87.82007139770992,-62.154680756971786
0,520.0,78.238,67.233,39.67,-11.093780138320492,5.14526400999134,-11.131046432202243,-85.10804164007683,-102.18760420060823
0,521.0,78.414,66.517,40.565,1.552318352812559,4.232943452014561,30.793504748372158,168.38435243865425,204.96311899185352
0,522.0,78.591,65.8,41.461,1.6340491900159284,9.206341774789065,-18.594589121275515,-83.7672969153113,-91.52149507178183
0,523.0,74.714,40.476,48.737,0.9453123085590713,4.337020870336175,-16.696910591581407,-71.0607116625456,-82.47528907523176
0,524.0,74.861,40.333,47.595,0.43049633279319643,1.2991249517988885,35.896027522396736,151.60596240293103,189.23161120991983
0,525.0,75.008,40.19,46.454,0.7467265628678914,1.6084462016592078,-18.268586727285665,-72.21778437946381,-88.13119834222238
0,526.0,62.598,56.799,32.299,1.1205965791081363,4.817244550416897,-29.064621823151867,-74.96443611449845,-98.0912168081253
0,527.0,62.967,56.973,31.213,0.254159114550196,1.6164079712437038,65.71497162956541,153.9470596841696,221.53259839952892
0,528.0,63.335,57.148,30.127,0.3206776601528832,2.877660034618644,-35.97393729283373,-77.71015362342318,-110.4857532214854
0,529.0,43.108,9.958,15.937,0.15282600190857598,3.666460023258431,12.673101189850614,14.099801580256697,30.592188795274318
0,530.0,43.167,10.773,15.115,0.05656158599285828,2.3962346039718017,-26.018971998681963,47.22019730176264,23.654021493045335
0,531.0,43.227,11.589,14.292,0.10019736380327043,3.2578694151404166,13.11784606690102,-40.69243879211775,-24.21652594627304
0,532.0,69.261,23.962,33.388,1.43777758320318,10.835957825005387,-8.905604654182781,-60.14782886448516,-56.77969811045938
0,533.0,68.228,23.968,33.917,0.8385386514383183,4.613651275178717,15.980940512449918,123.90055243453149,145.33368287359843
0,534.0,67.196,23.973,34.445,1.6065960583442576,8.594580355476086,-6.264006842144291,-62.40338451918318,-58.466214947507126
0,535.0,52.107,12.61,7.749,0.4138425958477539,4.4201602384260354,2.2924525236903848,-61.45101556679042,-54.32456020882624
0,536.0,51.06,12.672,8.245,0.09145343544674703,2.5873201470756495,-8.026586928369051,128.3067642369743,122.95895089112763
0,537.0,50.014,12.735,8.74,0.12753828604583814,4.09423594015908,5.577652274112472,-63.75987766804281,-53.960451167725424
0,538.0,13.465,7.895,6.295,0.0981875018267137,5.434576501154776,46.432444892443954,-109.46532265305142,-57.500113757625975
0,539.0,14.055,8.537,7.06,0.028738918940353925,4.435885184084306,-89.74231876223129,231.03098544195026,145.75329078274365
0,540.0,14.644,9.179,7.826,0.045836125787915405,8.979989344454152,43.344879262987874,-116.93343277506055,-64.56272804183061
0,541.0,78.64,13.32,36.012,0.03849156989151028,1.7342022469229532,-11.799169498486195,-71.34763771808711,-81.37411339975884
0,542.0,78.259,14.412,35.926,0.02470451379684955,1.0188075062892508,25.205263663888537,135.4319079929747,161.68068367694931
0,543.0,77.878,15.505,35.84,0.08642463710427065,2.979722532906991,-13.407654698589939,-55.337830723456,-65.67933825203468
0,544.0,29.748,22.241,15.313,0.5295864968572618,4.1066566947892715,21.823809184066647,-32.13853482677694,-5.678482451063758
0,545.0,30.707,22.89,15.241,0.2322817601450451,1.447279178551168,-42.24025165148026,124.656194577412,84.09550386462794
0,546.0,31.665,23.539,15.169,0.3906190365847667,1.421022465106052,21.04080139166874,-72.15372204897722,-49.30127915561766
0,547.0,53.178,46.19,3.89,0.06697714218027248,3.197575799122359,-0.8097979448210405,-58.364804948270866,-55.910049951789276
0,548.0,52.212,46.826,3.969,0.0358756896231182,2.3709960339686527,-1.1000809748215439,80.41764186935487,81.72443261812509
0,549.0,51.246,47.463,4.048,0.09900251032140085,1.6177786743321312,1.7162295750013024,-5.784080428487737,-2.3510696688329027
0,550.0,59.647,18.692,8.583,0.5293416462480827,3.072083885259677,-12.662471347278743,7.038764847982239,-2.0222809677887446
0,551.0,58.774,17.973,8.326,0.6143252466297047,2.158498036935907,18.271325383218404,42.79627129654806,63.84041996333208
0,552.0,57.901,17.254,8.068,-1.1294924824476262,4.7426700609777575,-1.723671422121497,-35.191878984718365,-33.30237282830973
0,553.0,57.646,35.551,37.61,0.9076856726553131,9.439790077592697,7.674810779863582,-83.64833318068015,-65.62604665056855
0,554.0,58.133,35.814,38.63,0.504953910997063,4.055554843350876,-16.1149998257462,178.07323031161178,166.5187392402135
0,555.0,58.62,36.077,39.649,0.8459288187421414,7.568370363745724,7.972914744751389,-92.73047717253422,-76.34326324529496
0,556.0,36.734,34.972,36.992,1.5986689370860305,8.926695881880613,18.388046766938007,-93.80239282947245,-64.8889812435678
0,557.0,35.949,35.495,37.667,0.6254631460078373,4.154330564704859,-41.27543805272635,199.8495005307132,163.35385618869952
0,558.0,35.164,36.018,38.342,1.3859032354574896,6.196807908166421,26.057851474798753,-102.3114552417038,-68.67089262328113
0,559.0,66.309,38.257,42.613,0.275902490207408,4.136710055614069,-9.449259780667537,-42.357494024799855,-47.39414125964591
0,560.0,67.454,38.108,42.5,0.3181565721342207,1.7897916768625575,22.832636359179038,114.494416361729,139.43500096990482
0,561.0,68.599,37.959,42.387,0.629848185713403,2.093705417593666,-13.755743974544373,-59.65835791072979,-70.6905482819671
0,562.0,41.735,21.597,44.881,0.1640816336657767,2.977879402903671,23.30211191992165,-82.97576372987506,-56.53169077338396
0,563.0,42.5,20.78,44.578,0.06283869766506857,2.384584533133151,-45.04171423682129,146.15571577195325,103.56142476593018
0,564.0,43.266,19.962,44.275,0.15517902554357504,3.864223976463517,21.520625891573378,-51.79781422471145,-26.257785331130982
0,565.0,51.905,45.336,32.671,2.043796031955655,9.797856607489015,2.3407819316843335,-96.2601391966807,-82.07770462555169
0,566.0,52.829,46.025,32.804,1.5376003556369884,3.978815295303481,-9.527080465029233,194.31751919068412,190.30685437659537
0,567.0,53.753,46.714,32.936,2.2141453004172456,7.542444602148216,5.66647804729724,-97.94820029332023,-82.52513234345753
0,568.0,47.31,42.121,29.475,0.39624868128076096,-10.5546345358061,1.9819138202527369,-27.002494003777233,-35.178966038049836
0,569.0,46.757,41.731,28.533,0.255042255719901,2.2549426741964855,-4.563734354493681,120.13144981633201,118.07770039175472
0,570.0,46.204,41.341,27.591,0.6291494283388939,2.600726705089506,2.7232592920531866,-67.63782781056611,-61.684692385084524
0,571.0,66.585,10.202,17.948,0.2708542431557533,0.15909665607233694,-16.263385774224282,58.347087141982804,42.51365226698661
0,572.0,66.615,9.722,19.004,0.20852073080904604,2.46310797323879,30.773298621452483,-36.72901486957224,-3.284087544071923
0,573.0,66.645,9.243,20.06,0.8280671514887119,3.2166217400073025,-14.908434516622382,-0.07660369049686151,-10.940349315623228
0,574.0,83.26,35.978,45.334,0.16547362012022174,3.206388124050948,-27.273259229133366,3.0702011129140394,-20.831196372048158
0,575.0,83.378,36.511,46.357,0.10155773254473306,2.367802924257282,51.67576428985092,-36.61545780685247,17.529667139800466
0,576.0,83.496,37.045,47.381,0.37288699404020675,-7.379149938771181,-24.694801949361263,63.76197999541705,32.06091510132481
0,577.0,66.882,34.85,34.038,0.07155486339272961,1.5040666797310573,-14.887306495674563,-31.924522940998575,-45.23620789354935
0,578.0,66.157,34.012,34.38,0.05530532552521037,1.7145991305065746,27.185616706727533,32.41274865190178,61.3682698146611
0,579.0,65.431,33.175,34.723,0.21855746745507024,-2.3850392807175633,-12.330410655867816,27.71009933774567,13.213206868615362
0,580.0,72.098,53.318,8.158,0.15730482294613385,1.7289625671414501,-65.57563154576428,-104.22894982325666,-167.91831397893336
0,581.0,73.252,53.421,8.104,0.07169983806669868,1.698790263334185,131.6547328462122,185.49113272172409,318.9163556693372
0,582.0,74.406,53.524,8.051,0.14780086177030516,4.69565407291025,-64.8185429351779,-64.38034922864597,-124.35543722914332
0,583.0,68.383,52.163,19.284,0.08746258949816962,3.9402814325980033,-53.156146719009826,-90.43193723142716,-139.5603399283408
0,584.0,67.741,52.507,20.187,0.03986107395855248,2.0037911456167548,103.21104238645023,168.91870664303548,274.17340124906104
0,585.0,67.098,52.851,21.089,0.08626821299700839,1.1690831409489397,-49.69318654946274,-69.85001422854995,-118.28784942406674
0,586.0,49.494,12.424,0.763,0.41949238341952705,8.043272758824939,7.554671415589428,-93.96595948782212,-77.94852292998823
0,587.0,49.428,13.376,0.104,0.20102605337409826,4.4627847088391555,-14.619255756505094,188.7135186596662,178.75807366537435
0,588.0,49.361,14.329,-0.555,0.3965934407495104,9.681650128910242,7.5824933557427014,-92.18967788931627,-74.52894096391381
0,589.0,44.294,43.422,0.29,0.5685771418029909,7.987568581044003,22.19915868557594,-101.64890628149996,-70.89360187307702
0,590.0,44.849,42.428,0.068,0.372963151490177,4.062945861258429,-43.29471135933886,214.35195531969072,175.49315297310045
0,591.0,45.405,41.435,-0.154,1.4208832313441684,7.4965513377900335,22.90608066538062,-107.93222783949955,-76.10871260498473
0,592.0,59.893,49.107,16.292,2.0761244749327123,8.450572262042744,-17.34881688422298,-83.2596310467158,-90.08175119396333
0,593.0,60.263,49.317,15.213,0.6876405426143863,4.0232719337507215,44.7095904530381,159.85094791667882,209.27145084608202
0,594.0,60.633,49.528,14.134,0.3260541126333447,6.274643985875076,-27.28000508602707,-77.91481627070723,-98.59412325822589
0,595.0,27.985,25.05,30.363,1.270868661278136,8.224708784684616,36.57439350611208,-95.43282409388303,-49.362853141808195
0,596.0,27.072,25.577,29.878,-0.08866392042430005,5.135126239461153,-63.90123450484729,199.66486844101448,140.81009625520403
0,597.0,26.159,26.103,29.393,-0.023785521137497434,6.662406941793615,28.598483039031617,-100.16073504785972,-64.92363058817199
0,598.0,56.191,33.64,48.239,0.041066367678141945,2.314073851535653,9.225374806197575,-111.62117450345367,-100.0406594780423
0,599.0,55.359,33.204,47.558,0.022336863703300073,1.6090609596867076,-19.990200073787786,223.9870061547289,205.62820390433112
0,600.0,54.528,32.767,46.876,0.07044311078265594,5.370205550326668,10.760424595515174,-112.53937446792989,-96.33830121130539
0,601.0,41.203,16.455,5.785,0.3183722078183767,5.552290106254762,17.40544635753784,-74.67134542857538,-51.3952367569644
0,602.0,41.696,17.27,5.124,0.08831969876903122,2.957161837001081,-33.593497659661274,123.01908527880636,92.4710691549152
0,603.0,42.189,18.085,4.462,0.15751417261233136,2.2293120839388507,16.112725408275818,-29.533184005541067,-11.033632340714068
0,604.0,84.766,20.174,25.649,0.14099190169926057,0.6078824045156074,-41.23294191069103,12.665227565372367,-27.818840039103797
0,605.0,84.142,21.087,26.0,0.09281264442692871,0.3336876120660428,85.42264931198685,-23.05346121330602,62.795688355173795
0,606.0,83.518,22.0,26.351,0.25831164519248373,2.8823261538974836,-43.38873697395401,18.54330466946741,-21.704794505396634
0,607.0,102.195,44.449,32.653,0.7101222962873136,3.0951457631837425,-42.21726812151659,13.854647623446953,-24.557352438598585
0,608.0,101.254,43.945,33.106,0.8289890675715029,2.8582005377241333,95.14560017974624,-84.2974174683216,14.535372316720284
0,609.0,100.312,43.441,33.56,1.0411641666702534,2.7394397370389085,-53.35988890151764,73.59830642006258,24.019021422254106
0,610.0,97.417,59.177,39.618,1.4850323595095567,9.606374087411757,-25.5633451872153,-74.72668632332177,-89.19862506361576
0,611.0,97.539,58.781,40.701,1.0834735837907232,4.13719001943974,47.46279338345829,152.9939646080577,205.67742159474645
0,612.0,97.661,58.384,41.785,0.642130214649915,8.408298091015968,-18.250895421615436,-75.51027899628572,-84.71074611223527
0,613.0,25.703,15.87,12.541,0.41155984526436684,8.211186017918614,39.70744531796315,-91.07541584370757,-42.74522466256144
0,614.0,25.25,15.07,13.249,0.8778752219633157,4.465489911434059,-75.86396950537579,176.1624093238196,105.64180495184117
0,615.0,24.797,14.271,13.957,1.1583995696583236,8.43732217509669,36.769909528082664,-82.65525823938489,-36.28962696654722
0,616.0,45.031,50.802,8.985,1.9977894955749542,8.332496052154736,9.366241392712736,-14.118790705381514,5.577736235060911
0,617.0,44.797,50.658,10.112,0.7165067062860901,4.294200324548083,-14.40891465655221,40.05344333536766,30.655235709649624
0,618.0,44.563,50.514,11.239,1.0067766789806707,9.113606237256217,5.754088328982747,-24.26929915198147,-8.394827906761837
0,619.0,87.923,32.598,25.856,0.0823816542818297,2.1244608104549205,-59.42773771809644,88.65655641589572,31.435661162536036
0,620.0,87.522,31.549,26.144,0.057755129722123745,1.7415023816172075,122.23847083480815,-218.94527326761474,-94.90754492146725
0,621.0,87.12,30.5,26.432,0.20087962707477897,-4.012820144729148,-63.386762696627386,157.41729213932982,90.21858892504807
0,622.0,37.213,28.995,6.124,0.356598788069388,2.7491062078029405,20.60566787213741,-80.2215334668685,-56.510160598858754
0,623.0,37.295,28.517,5.07,0.31667277946144684,2.239082108209293,-40.54987995852969,130.10347289497074,92.10934782411178
0,624.0,37.377,28.039,4.016,1.0959891073483667,1.1247160998865877,19.286407331814,-24.682212565989246,-3.1751000269402923
0,625.0,100.176,57.209,40.941,0.5531527885919085,7.781777116256488,-25.350542841448597,-82.47842677916275,-99.49403971576294
0,626.0,99.76,56.308,41.542,0.9805421738292422,3.610417848331119,58.22250251465015,148.94668624675427,211.76014878356477
0,627.0,99.345,55.407,42.143,1.9864644888573348,8.738648718643418,-28.72039443223929,-66.38189360279789,-84.37717482753642
0,628.0,104.45,62.671,51.247,1.2293479330307324,5.70583729848829,-5.439798361564746,-108.8583014757131,-107.36291460575883
0,629.0,103.979,61.612,51.289,0.4007975190214955,2.354066971157586,21.004159677503353,212.07264717874057,235.831671346423
0,630.0,103.509,60.552,51.33,0.2786563053848898,2.9955704342952094,-12.541254753641077,-100.83315793510053,-110.10018594906151
0,631.0,84.452,53.58,26.292,0.37160858560328514,0.11190311537686601,-41.74664433104675,-55.046562285793435,-96.30969491586004
0,632.0,84.45,54.711,26.035,0.30241580662212614,0.08716026387520016,82.81946926770588,119.23164459772305,202.44068993592626
0,633.0,84.447,55.842,25.777,0.8902385880814255,0.3388746559880258,-40.418099269958745,-64.7377447420805,-103.92673076796979
0,634.0,95.086,43.768,33.987,0.23897049782755475,2.559018132880591,-56.44612251888251,41.15067838146533,-12.49745550670903
0,635.0,95.389,42.735,34.42,0.10045165229019602,1.9181820052166176,122.99388952842158,-133.599784379386,-8.587261193457607
0,636.0,95.692,41.703,34.853,0.19535328557387224,2.980512699688594,-67.47591675422896,107.60185086978393,43.30180010081743
0,637.0,95.395,55.244,38.916,1.067979083173693,6.795865096820752,-17.213696443872546,-62.71029547796272,-72.06014774184082
0,638.0,96.443,55.697,39.123,1.091286402971222,3.40370944818041,28.097448933314563,132.61775060300423,165.21019538747043
0,639.0,97.491,56.149,39.329,2.4696336391858233,6.489044019826395,-7.035547472690646,-69.11586644372036,-67.19273625739879
0,640.0,58.707,8.504,19.599,1.444018011126597,8.012103190175818,0.27325221727247856,-22.999591832746383,-13.27021841417149
0,641.0,58.623,7.552,18.942,0.3210635396171044,2.969811314974844,6.108121542880866,51.56750780546416,60.966504202936974
0,642.0,58.538,6.6,18.284,-1.358702249002458,6.336216518586323,-6.893533789738002,-27.391298609169176,-29.307318129323313
0,643.0,65.979,25.731,11.309,0.30142964572926406,4.196929448588396,-21.634629604929657,-41.63184838816419,-58.76811889877618
0,644.0,65.337,24.877,10.857,0.14285726440762309,1.7975676484886605,41.18445090347166,75.38157575324291,118.50645156961085
0,645.0,64.695,24.023,10.405,0.33119998600079853,3.7991124303616925,-19.31259049774284,-33.56547297997672,-48.747751061357064
0,646.0,47.12,52.131,11.129,1.5251643164618527,7.678578735500708,11.870390607744115,-4.585059070071739,16.489074589634935
0,647.0,47.958,52.078,10.329,1.3419020520597107,4.0763471034776755,-11.500522574379595,9.062871043867103,2.9805976250248944
0,648.0,48.796,52.025,9.529,1.6734894482320581,8.768402807725062,0.7457492350439948,-6.245083329405113,4.9425581615960015
0,649.0,96.181,59.849,48.273,0.16953437956155995,4.007031428215,-20.687736370775472,-58.6243982174871,-75.13556878048601
0,650.0,95.229,59.231,48.033,0.11109881158503737,2.7727439007730603,42.460657385887764,75.91020034362414,121.25470044187
0,651.0,94.278,58.612,47.792,0.39854642835097615,-3.8684509743227045,-21.369137511976746,1.3162632999610246,-23.52277875798745
0,652.0,66.124,66.934,36.054,0.5776117112451518,4.119091433280053,-40.73998635141943,-84.8270310712691,-120.87031427816333
0,653.0,66.708,66.282,35.292,0.322646661451744,1.5919578796002394,102.8165104640984,170.42430367960608,275.15541868475646
0,654.0,67.291,65.631,34.53,0.40668357549310985,3.1831135643053834,-65.8798800461521,-80.3229579149684,-142.613040821322
0,655.0,34.339,33.85,2.255,1.778194497284448,5.680277525189931,31.478846015332895,-122.99057452307358,-84.0532564852663
0,656.0,34.742,33.054,1.514,1.0581388033667471,3.463850624571932,-66.81272662618156,245.8264535356774,183.5357163374345
0,657.0,35.145,32.258,0.773,2.088149235768451,8.20510966341855,36.02337873319957,-123.66462409950559,-77.34798646711901
0,658.0,59.455,62.743,26.926,0.058276920616387166,1.3429905591869062,-32.65940292646385,-110.31014503445738,-141.56828048111794
0,659.0,59.894,62.071,27.764,0.042640664869562465,1.0442185688490164,67.15449306113483,217.88488575810146,286.1262380529549
0,660.0,60.332,61.4,28.603,0.19014793974342312,3.0197097484585145,-34.01890931358993,-105.11898079789388,-135.92803242328188
0,661.0,71.087,25.554,18.407,1.1467971916874615,7.412815559010231,-16.67200494777987,-34.10155130597222,-42.2139435030544
0,662.0,71.326,24.904,19.338,0.53052786448591,3.903167384503396,40.662112285904755,63.22355814650813,108.31936568140219
0,663.0,71.564,24.254,20.268,0.37927555693112575,8.142969668854567,-21.756937581248785,-28.07874648937867,-41.31343884484176
0,664.0,77.763,9.929,25.598,0.0050923213481216196,-0.0,-16.167345156830617,-16.22884666297135,-32.39109949845384
0,665.0,76.644,10.195,25.449,0.00430503224316652,-0.0,31.501949058891906,34.85071036613692,66.356964457272
0,666.0,75.525,10.46,25.299,0.015531119334122854,-0.0,-15.34463070777451,-18.77667908333248,-34.10577867177287
0,667.0,58.642,12.58,10.868,1.2931817559874017,4.79011004644827,-9.999804696241494,-28.69932040653156,-32.61583330033738
0,668.0,57.747,12.023,11.351,0.5765031455250711,1.7858235194382759,15.440308303807848,65.68169861735481,83.48433358612601
0,669.0,56.851,11.466,11.835,0.6604415949945471,4.3335325212631695,-5.084279451449511,-36.48234942848681,-36.57265476367861
0,670.0,83.593,52.102,13.728,1.4715723828978127,4.888216383702176,-53.2746002351813,-87.04350812026536,-133.95831958884668
0,671.0,83.111,51.941,14.771,0.9020724701339965,2.4737203854672978,105.44116495807489,155.55032167541805,264.36727948909424
0,672.0,82.629,51.78,15.814,2.012921410901339,3.543995395853223,-49.532883165393066,-68.37384563146628,-112.34981199010478
0,673.0,43.252,47.583,3.741,0.20294137128145398,2.4270050632520332,14.408938005458353,-6.112958955059375,10.925925484932465
0,674.0,42.33,47.532,3.039,0.08762246237283396,1.8492227781327477,-33.45699723573401,91.91336896547601,60.393216970247586
0,675.0,41.408,47.481,2.336,0.18383444259610093,1.8932291282204115,19.168651276726273,-64.65080230959224,-43.40508746204945
0,676.0,33.582,15.239,23.995,0.28822422505609147,4.165398922732733,24.87105207187358,-73.76384612858925,-44.43917090892684
0,677.0,34.618,14.729,24.107,0.37234131742567533,2.7187304633850453,-50.5838141423347,128.1695617040682,80.67681934254422
0,678.0,35.654,14.218,24.219,0.9723403470818903,5.783582556704305,27.900832140592335,-48.37719458538083,-13.7204395410023
0,679.0,89.949,56.638,25.579,0.17861386158349893,3.202375674697289,-34.38492348930156,-71.72853779139912,-102.7324717444199
0,680.0,89.141,56.304,24.816,0.16062490907392427,1.7062766631579669,70.405686204093,136.78723182383973,209.05981960016464
0,681.0,88.333,55.97,24.054,0.6654579420114308,2.877663266708131,-35.8518077003911,-64.53569917038806,-96.8443856620596
0,682.0,72.385,35.619,44.531,1.3370427631877893,2.7295609931635743,-8.22387344746652,-66.37995609090801,-70.53722578202317
0,683.0,71.565,36.439,44.507,0.7222436914512146,1.471312496053304,20.221676142371575,136.78643995374304,159.20167228361913
0,684.0,70.745,37.26,44.483,0.9744219257153309,3.3715311000085975,-12.29793443789725,-66.52915913890338,-74.4811405510767
0,685.0,36.717,11.736,5.099,1.0746655661317754,1.5530071405517973,20.115668174076678,-94.9456327189739,-72.20229183821365
0,686.0,37.873,11.763,5.002,0.32455839118039853,0.8162043315397549,-40.72474356170664,189.4912691503163,149.9072883113298
0,687.0,39.028,11.791,4.905,0.44505171951282907,2.789776761399219,19.27733401525507,-94.06073892927662,-71.5485764331095
0,688.0,68.061,18.161,41.654,0.028727290189956782,0.6559988187421408,1.0379711783670833,-68.24693129747092,-66.52423401017174
0,689.0,68.888,17.487,42.109,0.01254338092875777,0.30807125474246483,-2.6644123246480618,130.5720070967008,128.22820940772394
0,690.0,69.715,16.813,42.564,0.02934653602059445,0.7877898274426494,1.612242568800218,-62.2830749685201,-59.853696036256636
0,691.0,50.053,47.03,21.584,2.5328657607694884,3.773628103670855,2.882774583333605,-70.52681214092365,-61.337543693149705
0,692.0,50.342,46.218,20.808,1.0366164077314386,2.2631018780834946,-4.0110656510447695,135.87592438550618,135.16457702027634
0,693.0,50.631,45.406,20.032,1.441425517953329,4.318973684470762,-1.154917157130269,-63.52702075350609,-58.921538708212275
0,694.0,83.816,24.087,50.309,0.07924411623154062,1.951115255553288,-5.703318712919917,-51.956786673308095,-55.629746014443185
0,695.0,84.705,23.527,49.818,0.03448489617000493,0.48555296144446725,16.671437138235675,91.04692189255432,108.23839688840447
0,696.0,85.594,22.967,49.326,0.08043705731533081,0.5736851248781418,-10.862030251390477,-36.9441344487047,-47.152042517901705
0,697.0,96.622,44.767,47.572,0.9703605427775424,2.3975442308619845,-41.77030762769527,-26.646993775463,-65.04939662951874
0,698.0,96.061,45.176,46.643,0.19185347086648477,1.208952171718577,84.52366602037878,52.435205561321204,138.35967722428504
0,699.0,95.499,45.585,45.714,0.1984858171974397,2.442565098560117,-42.42780882274188,-25.739256449010345,-65.52601435599466
0,700.0,80.551,22.708,42.342,0.36743023091896315,4.161843167902007,-15.85038309069426,-18.1334424976793,-29.45455218955259
0,701.0,79.88,21.819,42.015,0.25081759137278886,4.049427348765098,25.41991220459684,45.13172671824392,74.85188386297864
0,702.0,79.21,20.931,41.689,0.7385418349295997,8.291287095908638,-10.28724079935288,-28.493030807359823,-29.750442675874467
0,703.0,88.123,31.948,35.226,0.18251172966568352,2.277385390670515,-61.32870538242953,58.192403656711654,-0.676404605381677
0,704.0,88.589,31.675,36.253,0.1378443344825487,1.4098583214518368,124.71995730192641,-122.62206795896086,3.6455919988999455
0,705.0,89.054,31.401,37.28,0.41628680575848426,4.658386724535857,-62.92036976403274,64.44385783040102,6.598161596662614
